dis_image,ref_image,dmos,noise
I01_01_1.bmp,1,0.612698889,1
i01_01_2.bmp,1,0.618618889,1
i01_01_3.bmp,1,0.549382222,1
i01_01_4.bmp,1,0.486486667,1
i01_01_5.bmp,1,0.429428889,1
i01_02_1.bmp,1,0.669841111,2
i01_02_2.bmp,1,0.678678889,2
i01_02_3.bmp,1,0.598765556,2
i01_02_4.bmp,1,0.52381,2
i01_02_5.bmp,1,0.484567778,2
i01_03_1.bmp,1,0.530158889,3
i01_03_2.bmp,1,0.474474444,3
i01_03_3.bmp,1,0.411411111,3
i01_03_4.bmp,1,0.354937778,3
i01_03_5.bmp,1,0.301587778,3
i01_04_1.bmp,1,0.663492222,4
i01_04_2.bmp,1,0.63964,4
i01_04_3.bmp,1,0.585585556,4
i01_04_4.bmp,1,0.582582222,4
i01_04_5.bmp,1,0.52381,4
i01_05_1.bmp,1,0.657657778,5
i01_05_2.bmp,1,0.633633333,5
i01_05_3.bmp,1,0.564814444,5
i01_05_4.bmp,1,0.459876667,5
i01_05_5.bmp,1,0.348765556,5
i01_06_1.bmp,1,0.444444444,6
i01_06_2.bmp,1,0.432432222,6
i01_06_3.bmp,1,0.414414444,6
i01_06_4.bmp,1,0.387301111,6
i01_06_5.bmp,1,0.32716,6
i01_07_1.bmp,1,0.564814444,7
i01_07_2.bmp,1,0.527777778,7
i01_07_3.bmp,1,0.444444444,7
i01_07_4.bmp,1,0.358024444,7
i01_07_5.bmp,1,0.243826667,7
i01_08_1.bmp,1,0.576576667,8
i01_08_2.bmp,1,0.496913333,8
i01_08_3.bmp,1,0.387387778,8
i01_08_4.bmp,1,0.333333333,8
i01_08_5.bmp,1,0.234567778,8
i01_09_1.bmp,1,0.675925556,9
i01_09_2.bmp,1,0.574074444,9
i01_09_3.bmp,1,0.492063333,9
i01_09_4.bmp,1,0.312312222,9
i01_09_5.bmp,1,0.171171111,9
i01_10_1.bmp,1,0.663663333,10
i01_10_2.bmp,1,0.660661111,10
i01_10_3.bmp,1,0.546296667,10
i01_10_4.bmp,1,0.357357778,10
i01_10_5.bmp,1,0.231231111,10
I01_11_1.BMP,1,0.657143333,11
i01_11_2.bmp,1,0.630631111,11
i01_11_3.bmp,1,0.521604444,11
i01_11_4.bmp,1,0.408408889,11
i01_11_5.bmp,1,0.162162222,11
i01_12_1.bmp,1,0.660661111,12
i01_12_2.bmp,1,0.651651111,12
i01_12_3.bmp,1,0.468468889,12
i01_12_4.bmp,1,0.425925556,12
i01_12_5.bmp,1,0.381381111,12
I01_13_1.BMP,1,0.606606667,13
i01_13_2.bmp,1,0.434921111,13
i01_13_3.bmp,1,0.364197778,13
i01_13_4.bmp,1,0.351852222,13
i01_13_5.bmp,1,0.345345556,13
i01_14_1.bmp,1,0.632715556,14
i01_14_2.bmp,1,0.672672222,14
i01_14_3.bmp,1,0.63964,14
i01_14_4.bmp,1,0.617284444,14
i01_14_5.bmp,1,0.496732222,14
i01_15_1.bmp,1,0.314814444,15
i01_15_2.bmp,1,0.314285556,15
i01_15_3.bmp,1,0.345345556,15
i01_15_4.bmp,1,0.398147778,15
i01_15_5.bmp,1,0.432432222,15
i01_16_1.bmp,1,0.645062222,16
i01_16_2.bmp,1,0.672672222,16
i01_16_3.bmp,1,0.54321,16
i01_16_4.bmp,1,0.558642222,16
i01_16_5.bmp,1,0.466048889,16
i01_17_1.bmp,1,0.594594444,17
i01_17_2.bmp,1,0.735735556,17
i01_17_3.bmp,1,0.453453333,17
i01_17_4.bmp,1,0.693693333,17
i01_17_5.bmp,1,0.330158889,17
i01_18_1.bmp,1,0.513513333,18
i01_18_2.bmp,1,0.469135556,18
i01_18_3.bmp,1,0.419047778,18
i01_18_4.bmp,1,0.385802222,18
i01_18_5.bmp,1,0.37963,18
i01_19_1.bmp,1,0.660493333,19
i01_19_2.bmp,1,0.608024444,19
i01_19_3.bmp,1,0.564564444,19
i01_19_4.bmp,1,0.503086667,19
i01_19_5.bmp,1,0.438271111,19
i01_20_1.bmp,1,0.650793333,20
i01_20_2.bmp,1,0.648147778,20
i01_20_3.bmp,1,0.669753333,20
i01_20_4.bmp,1,0.564814444,20
i01_20_5.bmp,1,0.481481111,20
i01_21_1.bmp,1,0.633633333,21
i01_21_2.bmp,1,0.58642,21
i01_21_3.bmp,1,0.51952,21
i01_21_4.bmp,1,0.450793333,21
i01_21_5.bmp,1,0.339338889,21
i01_22_1.bmp,1,0.617284444,22
i01_22_2.bmp,1,0.576576667,22
i01_22_3.bmp,1,0.478395556,22
i01_22_4.bmp,1,0.351351111,22
i01_22_5.bmp,1,0.243826667,22
i01_23_1.bmp,1,0.698412222,23
i01_23_2.bmp,1,0.623456667,23
i01_23_3.bmp,1,0.641975556,23
i01_23_4.bmp,1,0.533951111,23
i01_23_5.bmp,1,0.267267778,23
i01_24_1.bmp,1,0.633633333,24
i01_24_2.bmp,1,0.62037,24
i01_24_3.bmp,1,0.567567778,24
i01_24_4.bmp,1,0.342342222,24
i01_24_5.bmp,1,0.051051111,24
I02_01_1.bmp,2,0.638095556,1
i02_01_2.bmp,2,0.593651111,1
i02_01_3.bmp,2,0.580246667,1
i02_01_4.bmp,2,0.466048889,1
i02_01_5.bmp,2,0.441441111,1
i02_02_1.bmp,2,0.67284,2
i02_02_2.bmp,2,0.672672222,2
i02_02_3.bmp,2,0.654321111,2
i02_02_4.bmp,2,0.588588889,2
i02_02_5.bmp,2,0.487654444,2
i02_03_1.bmp,2,0.533333333,3
i02_03_2.bmp,2,0.492492222,3
i02_03_3.bmp,2,0.426426667,3
i02_03_4.bmp,2,0.391975556,3
i02_03_5.bmp,2,0.324324444,3
i02_04_1.bmp,2,0.698412222,4
i02_04_2.bmp,2,0.684684444,4
i02_04_3.bmp,2,0.57716,4
i02_04_4.bmp,2,0.526984444,4
i02_04_5.bmp,2,0.47619,4
i02_05_1.bmp,2,0.679738889,5
i02_05_2.bmp,2,0.679012222,5
i02_05_3.bmp,2,0.603603333,5
i02_05_4.bmp,2,0.486486667,5
i02_05_5.bmp,2,0.37963,5
i02_06_1.bmp,2,0.506173333,6
i02_06_2.bmp,2,0.475308889,6
i02_06_3.bmp,2,0.414414444,6
i02_06_4.bmp,2,0.387301111,6
i02_06_5.bmp,2,0.345345556,6
i02_07_1.bmp,2,0.657143333,7
i02_07_2.bmp,2,0.62037,7
i02_07_3.bmp,2,0.418301111,7
i02_07_4.bmp,2,0.417417778,7
i02_07_5.bmp,2,0.31746,7
i02_08_1.bmp,2,0.678678889,8
i02_08_2.bmp,2,0.574074444,8
i02_08_3.bmp,2,0.504762222,8
i02_08_4.bmp,2,0.426426667,8
i02_08_5.bmp,2,0.336336667,8
i02_09_1.bmp,2,0.666666667,9
i02_09_2.bmp,2,0.612698889,9
i02_09_3.bmp,2,0.503086667,9
i02_09_4.bmp,2,0.405405556,9
i02_09_5.bmp,2,0.268518889,9
i02_10_1.bmp,2,0.666666667,10
i02_10_2.bmp,2,0.66358,10
i02_10_3.bmp,2,0.603603333,10
i02_10_4.bmp,2,0.388888889,10
i02_10_5.bmp,2,0.301587778,10
I02_11_1.BMP,2,0.657407778,11
i02_11_2.bmp,2,0.533951111,11
i02_11_3.bmp,2,0.33033,11
i02_11_4.bmp,2,0.213213333,11
i02_11_5.bmp,2,0.141975556,11
i02_12_1.bmp,2,0.589506667,12
i02_12_2.bmp,2,0.492492222,12
i02_12_3.bmp,2,0.342342222,12
i02_12_4.bmp,2,0.297297778,12
i02_12_5.bmp,2,0.263492222,12
I02_13_1.BMP,2,0.496913333,13
i02_13_2.bmp,2,0.444444444,13
i02_13_3.bmp,2,0.376543333,13
i02_13_4.bmp,2,0.321321111,13
i02_13_5.bmp,2,0.401234444,13
i02_14_1.bmp,2,0.638888889,14
i02_14_2.bmp,2,0.675675556,14
i02_14_3.bmp,2,0.568254444,14
i02_14_4.bmp,2,0.590476667,14
i02_14_5.bmp,2,0.468468889,14
i02_15_1.bmp,2,0.377777778,15
i02_15_2.bmp,2,0.402402222,15
i02_15_3.bmp,2,0.425925556,15
i02_15_4.bmp,2,0.426426667,15
i02_15_5.bmp,2,0.466666667,15
i02_16_1.bmp,2,0.660661111,16
i02_16_2.bmp,2,0.675925556,16
i02_16_3.bmp,2,0.591591111,16
i02_16_4.bmp,2,0.570987778,16
i02_16_5.bmp,2,0.507507778,16
i02_17_1.bmp,2,0.657407778,17
i02_17_2.bmp,2,0.631745556,17
i02_17_3.bmp,2,0.537537778,17
i02_17_4.bmp,2,0.530158889,17
i02_17_5.bmp,2,0.435185556,17
i02_18_1.bmp,2,0.66358,18
i02_18_2.bmp,2,0.621621111,18
i02_18_3.bmp,2,0.536507778,18
i02_18_4.bmp,2,0.546546667,18
i02_18_5.bmp,2,0.504762222,18
i02_19_1.bmp,2,0.641975556,19
i02_19_2.bmp,2,0.603603333,19
i02_19_3.bmp,2,0.537036667,19
i02_19_4.bmp,2,0.469135556,19
i02_19_5.bmp,2,0.417417778,19
i02_20_1.bmp,2,0.672672222,20
i02_20_2.bmp,2,0.685714444,20
i02_20_3.bmp,2,0.589506667,20
i02_20_4.bmp,2,0.444444444,20
i02_20_5.bmp,2,0.311728889,20
i02_21_1.bmp,2,0.663663333,21
i02_21_2.bmp,2,0.588588889,21
i02_21_3.bmp,2,0.511111111,21
i02_21_4.bmp,2,0.364197778,21
i02_21_5.bmp,2,0.262345556,21
i02_22_1.bmp,2,0.612612222,22
i02_22_2.bmp,2,0.582582222,22
i02_22_3.bmp,2,0.498412222,22
i02_22_4.bmp,2,0.42284,22
i02_22_5.bmp,2,0.246913333,22
i02_23_1.bmp,2,0.753086667,23
i02_23_2.bmp,2,0.615615556,23
i02_23_3.bmp,2,0.382715556,23
i02_23_4.bmp,2,0.24024,23
i02_23_5.bmp,2,0.09009,23
i02_24_1.bmp,2,0.675675556,24
i02_24_2.bmp,2,0.546296667,24
i02_24_3.bmp,2,0.333333333,24
i02_24_4.bmp,2,0.234567778,24
i02_24_5.bmp,2,0.099098889,24
I03_01_1.bmp,3,0.641025556,1
i03_01_2.bmp,3,0.567251111,1
i03_01_3.bmp,3,0.520467778,1
i03_01_4.bmp,3,0.472222222,1
i03_01_5.bmp,3,0.436111111,1
i03_02_1.bmp,3,0.687134444,2
i03_02_2.bmp,3,0.698005556,2
i03_02_3.bmp,3,0.583333333,2
i03_02_4.bmp,3,0.555555556,2
i03_02_5.bmp,3,0.511111111,2
i03_03_1.bmp,3,0.516666667,3
i03_03_2.bmp,3,0.452991111,3
i03_03_3.bmp,3,0.427777778,3
i03_03_4.bmp,3,0.364672222,3
i03_03_5.bmp,3,0.321637778,3
i03_04_1.bmp,3,0.709402222,4
i03_04_2.bmp,3,0.628654444,4
i03_04_3.bmp,3,0.580555556,4
i03_04_4.bmp,3,0.511111111,4
i03_04_5.bmp,3,0.397222222,4
i03_05_1.bmp,3,0.722222222,5
i03_05_2.bmp,3,0.625731111,5
i03_05_3.bmp,3,0.588888889,5
i03_05_4.bmp,3,0.478632222,5
i03_05_5.bmp,3,0.385964444,5
i03_06_1.bmp,3,0.535087778,6
i03_06_2.bmp,3,0.504273333,6
i03_06_3.bmp,3,0.455555556,6
i03_06_4.bmp,3,0.416666667,6
i03_06_5.bmp,3,0.388888889,6
i03_07_1.bmp,3,0.552706667,7
i03_07_2.bmp,3,0.455555556,7
i03_07_3.bmp,3,0.42735,7
i03_07_4.bmp,3,0.425,7
i03_07_5.bmp,3,0.401708889,7
i03_08_1.bmp,3,0.704678889,8
i03_08_2.bmp,3,0.622222222,8
i03_08_3.bmp,3,0.497075556,8
i03_08_4.bmp,3,0.416666667,8
i03_08_5.bmp,3,0.327777778,8
i03_09_1.bmp,3,0.738888889,9
i03_09_2.bmp,3,0.695156667,9
i03_09_3.bmp,3,0.608333333,9
i03_09_4.bmp,3,0.415954444,9
i03_09_5.bmp,3,0.274853333,9
i03_10_1.bmp,3,0.692982222,10
i03_10_2.bmp,3,0.62963,10
i03_10_3.bmp,3,0.561253333,10
i03_10_4.bmp,3,0.366666667,10
i03_10_5.bmp,3,0.276353333,10
I03_11_1.BMP,3,0.596491111,11
i03_11_2.bmp,3,0.452991111,11
i03_11_3.bmp,3,0.316238889,11
i03_11_4.bmp,3,0.202278889,11
i03_11_5.bmp,3,0.077777778,11
i03_12_1.bmp,3,0.60114,12
i03_12_2.bmp,3,0.453216667,12
i03_12_3.bmp,3,0.31579,12
i03_12_4.bmp,3,0.344444444,12
i03_12_5.bmp,3,0.266666667,12
I03_13_1.BMP,3,0.569801111,13
i03_13_2.bmp,3,0.404558889,13
i03_13_3.bmp,3,0.436111111,13
i03_13_4.bmp,3,0.325,13
i03_13_5.bmp,3,0.269005556,13
i03_14_1.bmp,3,0.564102222,14
i03_14_2.bmp,3,0.666666667,14
i03_14_3.bmp,3,0.538888889,14
i03_14_4.bmp,3,0.495726667,14
i03_14_5.bmp,3,0.388888889,14
i03_15_1.bmp,3,0.413888889,15
i03_15_2.bmp,3,0.45,15
i03_15_3.bmp,3,0.447222222,15
i03_15_4.bmp,3,0.475783333,15
i03_15_5.bmp,3,0.532763333,15
i03_16_1.bmp,3,0.757834444,16
i03_16_2.bmp,3,0.725,16
i03_16_3.bmp,3,0.663888889,16
i03_16_4.bmp,3,0.675,16
i03_16_5.bmp,3,0.558404444,16
i03_17_1.bmp,3,0.698005556,17
i03_17_2.bmp,3,0.75,17
i03_17_3.bmp,3,0.577777778,17
i03_17_4.bmp,3,0.730555556,17
i03_17_5.bmp,3,0.421652222,17
i03_18_1.bmp,3,0.641025556,18
i03_18_2.bmp,3,0.635327778,18
i03_18_3.bmp,3,0.618233333,18
i03_18_4.bmp,3,0.555555556,18
i03_18_5.bmp,3,0.517543333,18
i03_19_1.bmp,3,0.612535556,19
i03_19_2.bmp,3,0.558404444,19
i03_19_3.bmp,3,0.522222222,19
i03_19_4.bmp,3,0.478632222,19
i03_19_5.bmp,3,0.410256667,19
i03_20_1.bmp,3,0.649123333,20
i03_20_2.bmp,3,0.606837778,20
i03_20_3.bmp,3,0.461987778,20
i03_20_4.bmp,3,0.353276667,20
i03_20_5.bmp,3,0.313888889,20
i03_21_1.bmp,3,0.581871111,21
i03_21_2.bmp,3,0.492877778,21
i03_21_3.bmp,3,0.433048889,21
i03_21_4.bmp,3,0.353276667,21
i03_21_5.bmp,3,0.233333333,21
i03_22_1.bmp,3,0.663817778,22
i03_22_2.bmp,3,0.595441111,22
i03_22_3.bmp,3,0.581196667,22
i03_22_4.bmp,3,0.48433,22
i03_22_5.bmp,3,0.435672222,22
i03_23_1.bmp,3,0.746438889,23
i03_23_2.bmp,3,0.649572222,23
i03_23_3.bmp,3,0.433333333,23
i03_23_4.bmp,3,0.295321111,23
i03_23_5.bmp,3,0.219444444,23
i03_24_1.bmp,3,0.638176667,24
i03_24_2.bmp,3,0.467236667,24
i03_24_3.bmp,3,0.313888889,24
i03_24_4.bmp,3,0.201754444,24
i03_24_5.bmp,3,0.046783333,24
I04_01_1.bmp,4,0.640211111,1
i04_01_2.bmp,4,0.608465556,1
i04_01_3.bmp,4,0.547618889,1
i04_01_4.bmp,4,0.474254444,1
i04_01_5.bmp,4,0.444444444,1
i04_02_1.bmp,4,0.697222222,2
i04_02_2.bmp,4,0.683761111,2
i04_02_3.bmp,4,0.631436667,2
i04_02_4.bmp,4,0.589946667,2
i04_02_5.bmp,4,0.504065556,2
i04_03_1.bmp,4,0.531165556,3
i04_03_2.bmp,4,0.468254444,3
i04_03_3.bmp,4,0.433333333,3
i04_03_4.bmp,4,0.380555556,3
i04_03_5.bmp,4,0.335978889,3
i04_04_1.bmp,4,0.680555556,4
i04_04_2.bmp,4,0.696476667,4
i04_04_3.bmp,4,0.683333333,4
i04_04_4.bmp,4,0.608465556,4
i04_04_5.bmp,4,0.534391111,4
i04_05_1.bmp,4,0.701057778,5
i04_05_2.bmp,4,0.655826667,5
i04_05_3.bmp,4,0.591666667,5
i04_05_4.bmp,4,0.497354444,5
i04_05_5.bmp,4,0.411924444,5
i04_06_1.bmp,4,0.558201111,6
i04_06_2.bmp,4,0.506775556,6
i04_06_3.bmp,4,0.473544444,6
i04_06_4.bmp,4,0.466124444,6
i04_06_5.bmp,4,0.383333333,6
i04_07_1.bmp,4,0.521164444,7
i04_07_2.bmp,4,0.452777778,7
i04_07_3.bmp,4,0.391534444,7
i04_07_4.bmp,4,0.349206667,7
i04_07_5.bmp,4,0.328042222,7
i04_08_1.bmp,4,0.701057778,8
i04_08_2.bmp,4,0.658536667,8
i04_08_3.bmp,4,0.597883333,8
i04_08_4.bmp,4,0.486111111,8
i04_08_5.bmp,4,0.407407778,8
i04_09_1.bmp,4,0.708994444,9
i04_09_2.bmp,4,0.644986667,9
i04_09_3.bmp,4,0.560975556,9
i04_09_4.bmp,4,0.420054444,9
i04_09_5.bmp,4,0.277777778,9
i04_10_1.bmp,4,0.674603333,10
i04_10_2.bmp,4,0.663956667,10
i04_10_3.bmp,4,0.563492222,10
i04_10_4.bmp,4,0.362433333,10
i04_10_5.bmp,4,0.243386667,10
I04_11_1.BMP,4,0.588888889,11
i04_11_2.bmp,4,0.444444444,11
i04_11_3.bmp,4,0.322493333,11
i04_11_4.bmp,4,0.222222222,11
i04_11_5.bmp,4,0.097883333,11
i04_12_1.bmp,4,0.672222222,12
i04_12_2.bmp,4,0.515873333,12
i04_12_3.bmp,4,0.436507778,12
i04_12_4.bmp,4,0.322751111,12
i04_12_5.bmp,4,0.295393333,12
I04_13_1.BMP,4,0.518518889,13
i04_13_2.bmp,4,0.42735,13
i04_13_3.bmp,4,0.373015556,13
i04_13_4.bmp,4,0.384823333,13
i04_13_5.bmp,4,0.26455,13
i04_14_1.bmp,4,0.563492222,14
i04_14_2.bmp,4,0.71164,14
i04_14_3.bmp,4,0.666666667,14
i04_14_4.bmp,4,0.489417778,14
i04_14_5.bmp,4,0.401084444,14
i04_15_1.bmp,4,0.375661111,15
i04_15_2.bmp,4,0.378306667,15
i04_15_3.bmp,4,0.388888889,15
i04_15_4.bmp,4,0.417344444,15
i04_15_5.bmp,4,0.450142222,15
i04_16_1.bmp,4,0.698412222,16
i04_16_2.bmp,4,0.738095556,16
i04_16_3.bmp,4,0.677248889,16
i04_16_4.bmp,4,0.62963,16
i04_16_5.bmp,4,0.57265,16
i04_17_1.bmp,4,0.666666667,17
i04_17_2.bmp,4,0.740741111,17
i04_17_3.bmp,4,0.531165556,17
i04_17_4.bmp,4,0.801587778,17
i04_17_5.bmp,4,0.436111111,17
i04_18_1.bmp,4,0.601625556,18
i04_18_2.bmp,4,0.558265556,18
i04_18_3.bmp,4,0.518518889,18
i04_18_4.bmp,4,0.4709,18
i04_18_5.bmp,4,0.436314444,18
i04_19_1.bmp,4,0.60582,19
i04_19_2.bmp,4,0.595237778,19
i04_19_3.bmp,4,0.544715556,19
i04_19_4.bmp,4,0.491666667,19
i04_19_5.bmp,4,0.462963333,19
i04_20_1.bmp,4,0.716931111,20
i04_20_2.bmp,4,0.580555556,20
i04_20_3.bmp,4,0.465608889,20
i04_20_4.bmp,4,0.346561111,20
i04_20_5.bmp,4,0.268292222,20
i04_21_1.bmp,4,0.571815556,21
i04_21_2.bmp,4,0.525745556,21
i04_21_3.bmp,4,0.42328,21
i04_21_4.bmp,4,0.357723333,21
i04_21_5.bmp,4,0.222222222,21
i04_22_1.bmp,4,0.669376667,22
i04_22_2.bmp,4,0.642856667,22
i04_22_3.bmp,4,0.492063333,22
i04_22_4.bmp,4,0.457994444,22
i04_22_5.bmp,4,0.322751111,22
i04_23_1.bmp,4,0.713888889,23
i04_23_2.bmp,4,0.600528889,23
i04_23_3.bmp,4,0.430894444,23
i04_23_4.bmp,4,0.327913333,23
i04_23_5.bmp,4,0.164021111,23
i04_24_1.bmp,4,0.616402222,24
i04_24_2.bmp,4,0.417988889,24
i04_24_3.bmp,4,0.287263333,24
i04_24_4.bmp,4,0.21164,24
i04_24_5.bmp,4,0.065041111,24
I05_01_1.bmp,5,0.613888889,1
i05_01_2.bmp,5,0.611111111,1
i05_01_3.bmp,5,0.538461111,1
i05_01_4.bmp,5,0.450142222,1
i05_01_5.bmp,5,0.395664444,1
i05_02_1.bmp,5,0.647696667,2
i05_02_2.bmp,5,0.631436667,2
i05_02_3.bmp,5,0.591666667,2
i05_02_4.bmp,5,0.566395556,2
i05_02_5.bmp,5,0.472934444,2
i05_03_1.bmp,5,0.566395556,3
i05_03_2.bmp,5,0.498644444,3
i05_03_3.bmp,5,0.408333333,3
i05_03_4.bmp,5,0.341463333,3
i05_03_5.bmp,5,0.263888889,3
i05_04_1.bmp,5,0.626016667,4
i05_04_2.bmp,5,0.638888889,4
i05_04_3.bmp,5,0.619444444,4
i05_04_4.bmp,5,0.547425556,4
i05_04_5.bmp,5,0.488888889,4
i05_05_1.bmp,5,0.625,5
i05_05_2.bmp,5,0.598915556,5
i05_05_3.bmp,5,0.522222222,5
i05_05_4.bmp,5,0.423976667,5
i05_05_5.bmp,5,0.324786667,5
i05_06_1.bmp,5,0.486111111,6
i05_06_2.bmp,5,0.435897778,6
i05_06_3.bmp,5,0.388888889,6
i05_06_4.bmp,5,0.368563333,6
i05_06_5.bmp,5,0.279202222,6
i05_07_1.bmp,5,0.586111111,7
i05_07_2.bmp,5,0.585365556,7
i05_07_3.bmp,5,0.504273333,7
i05_07_4.bmp,5,0.450142222,7
i05_07_5.bmp,5,0.349593333,7
i05_08_1.bmp,5,0.6,8
i05_08_2.bmp,5,0.518518889,8
i05_08_3.bmp,5,0.406504444,8
i05_08_4.bmp,5,0.308943333,8
i05_08_5.bmp,5,0.138888889,8
i05_09_1.bmp,5,0.647222222,9
i05_09_2.bmp,5,0.647222222,9
i05_09_3.bmp,5,0.591666667,9
i05_09_4.bmp,5,0.388888889,9
i05_09_5.bmp,5,0.151761111,9
i05_10_1.bmp,5,0.636856667,10
i05_10_2.bmp,5,0.57265,10
i05_10_3.bmp,5,0.523035556,10
i05_10_4.bmp,5,0.382113333,10
i05_10_5.bmp,5,0.208672222,10
I05_11_1.BMP,5,0.639566667,11
i05_11_2.bmp,5,0.6,11
i05_11_3.bmp,5,0.5,11
i05_11_4.bmp,5,0.407407778,11
i05_11_5.bmp,5,0.25,11
i05_12_1.bmp,5,0.631436667,12
i05_12_2.bmp,5,0.641666667,12
i05_12_3.bmp,5,0.594444444,12
i05_12_4.bmp,5,0.422222222,12
i05_12_5.bmp,5,0.302777778,12
I05_13_1.BMP,5,0.607045556,13
i05_13_2.bmp,5,0.544715556,13
i05_13_3.bmp,5,0.386111111,13
i05_13_4.bmp,5,0.330623333,13
i05_13_5.bmp,5,0.219297778,13
i05_14_1.bmp,5,0.658536667,14
i05_14_2.bmp,5,0.615176667,14
i05_14_3.bmp,5,0.623306667,14
i05_14_4.bmp,5,0.580555556,14
i05_14_5.bmp,5,0.479674444,14
i05_15_1.bmp,5,0.338888889,15
i05_15_2.bmp,5,0.344444444,15
i05_15_3.bmp,5,0.368563333,15
i05_15_4.bmp,5,0.433333333,15
i05_15_5.bmp,5,0.42735,15
i05_16_1.bmp,5,0.683333333,16
i05_16_2.bmp,5,0.661111111,16
i05_16_3.bmp,5,0.620596667,16
i05_16_4.bmp,5,0.566395556,16
i05_16_5.bmp,5,0.472222222,16
i05_17_1.bmp,5,0.588888889,17
i05_17_2.bmp,5,0.758807778,17
i05_17_3.bmp,5,0.447222222,17
i05_17_4.bmp,5,0.728997778,17
i05_17_5.bmp,5,0.311111111,17
i05_18_1.bmp,5,0.530555556,18
i05_18_2.bmp,5,0.467236667,18
i05_18_3.bmp,5,0.415954444,18
i05_18_4.bmp,5,0.393162222,18
i05_18_5.bmp,5,0.35,18
i05_19_1.bmp,5,0.575,19
i05_19_2.bmp,5,0.533875556,19
i05_19_3.bmp,5,0.469444444,19
i05_19_4.bmp,5,0.405555556,19
i05_19_5.bmp,5,0.373983333,19
i05_20_1.bmp,5,0.631436667,20
i05_20_2.bmp,5,0.617886667,20
i05_20_3.bmp,5,0.558265556,20
i05_20_4.bmp,5,0.497222222,20
i05_20_5.bmp,5,0.364672222,20
i05_21_1.bmp,5,0.622222222,21
i05_21_2.bmp,5,0.547222222,21
i05_21_3.bmp,5,0.485094444,21
i05_21_4.bmp,5,0.372222222,21
i05_21_5.bmp,5,0.275,21
i05_22_1.bmp,5,0.586111111,22
i05_22_2.bmp,5,0.583333333,22
i05_22_3.bmp,5,0.528455556,22
i05_22_4.bmp,5,0.455555556,22
i05_22_5.bmp,5,0.352303333,22
i05_23_1.bmp,5,0.636856667,23
i05_23_2.bmp,5,0.619444444,23
i05_23_3.bmp,5,0.626016667,23
i05_23_4.bmp,5,0.639566667,23
i05_23_5.bmp,5,0.604335556,23
i05_24_1.bmp,5,0.613888889,24
i05_24_2.bmp,5,0.623306667,24
i05_24_3.bmp,5,0.577777778,24
i05_24_4.bmp,5,0.439024444,24
i05_24_5.bmp,5,0.289973333,24
I06_01_1.bmp,6,0.63964,1
i06_01_2.bmp,6,0.574074444,1
i06_01_3.bmp,6,0.558558889,1
i06_01_4.bmp,6,0.479365556,1
i06_01_5.bmp,6,0.401234444,1
i06_02_1.bmp,6,0.684684444,2
i06_02_2.bmp,6,0.642642222,2
i06_02_3.bmp,6,0.606606667,2
i06_02_4.bmp,6,0.537036667,2
i06_02_5.bmp,6,0.487654444,2
i06_03_1.bmp,6,0.509258889,3
i06_03_2.bmp,6,0.450793333,3
i06_03_3.bmp,6,0.385802222,3
i06_03_4.bmp,6,0.327327778,3
i06_03_5.bmp,6,0.277777778,3
i06_04_1.bmp,6,0.648147778,4
i06_04_2.bmp,6,0.651234444,4
i06_04_3.bmp,6,0.632715556,4
i06_04_4.bmp,6,0.564564444,4
i06_04_5.bmp,6,0.509258889,4
i06_05_1.bmp,6,0.657657778,5
i06_05_2.bmp,6,0.634921111,5
i06_05_3.bmp,6,0.552552222,5
i06_05_4.bmp,6,0.447618889,5
i06_05_5.bmp,6,0.327327778,5
i06_06_1.bmp,6,0.512345556,6
i06_06_2.bmp,6,0.487654444,6
i06_06_3.bmp,6,0.419753333,6
i06_06_4.bmp,6,0.391975556,6
i06_06_5.bmp,6,0.339338889,6
i06_07_1.bmp,6,0.591591111,7
i06_07_2.bmp,6,0.568254444,7
i06_07_3.bmp,6,0.48949,7
i06_07_4.bmp,6,0.349206667,7
i06_07_5.bmp,6,0.298412222,7
i06_08_1.bmp,6,0.576576667,8
i06_08_2.bmp,6,0.509258889,8
i06_08_3.bmp,6,0.387301111,8
i06_08_4.bmp,6,0.3003,8
i06_08_5.bmp,6,0.228227778,8
i06_09_1.bmp,6,0.672672222,9
i06_09_2.bmp,6,0.651651111,9
i06_09_3.bmp,6,0.54054,9
i06_09_4.bmp,6,0.333333333,9
i06_09_5.bmp,6,0.184126667,9
i06_10_1.bmp,6,0.648648889,10
i06_10_2.bmp,6,0.625396667,10
i06_10_3.bmp,6,0.603174444,10
i06_10_4.bmp,6,0.351351111,10
i06_10_5.bmp,6,0.197531111,10
I06_11_1.BMP,6,0.615615556,11
i06_11_2.bmp,6,0.57716,11
i06_11_3.bmp,6,0.5,11
i06_11_4.bmp,6,0.342342222,11
i06_11_5.bmp,6,0.084084444,11
i06_12_1.bmp,6,0.651234444,12
i06_12_2.bmp,6,0.527777778,12
i06_12_3.bmp,6,0.483483333,12
i06_12_4.bmp,6,0.403174444,12
i06_12_5.bmp,6,0.426426667,12
I06_13_1.BMP,6,0.51952,13
i06_13_2.bmp,6,0.536507778,13
i06_13_3.bmp,6,0.463492222,13
i06_13_4.bmp,6,0.354937778,13
i06_13_5.bmp,6,0.3003,13
i06_14_1.bmp,6,0.666666667,14
i06_14_2.bmp,6,0.666666667,14
i06_14_3.bmp,6,0.530158889,14
i06_14_4.bmp,6,0.481481111,14
i06_14_5.bmp,6,0.478395556,14
i06_15_1.bmp,6,0.402402222,15
i06_15_2.bmp,6,0.369368889,15
i06_15_3.bmp,6,0.416666667,15
i06_15_4.bmp,6,0.48949,15
i06_15_5.bmp,6,0.537036667,15
i06_16_1.bmp,6,0.618618889,16
i06_16_2.bmp,6,0.694444444,16
i06_16_3.bmp,6,0.564814444,16
i06_16_4.bmp,6,0.648648889,16
i06_16_5.bmp,6,0.459876667,16
i06_17_1.bmp,6,0.617284444,17
i06_17_2.bmp,6,0.675675556,17
i06_17_3.bmp,6,0.450617778,17
i06_17_4.bmp,6,0.648648889,17
i06_17_5.bmp,6,0.375375556,17
i06_18_1.bmp,6,0.577777778,18
i06_18_2.bmp,6,0.484567778,18
i06_18_3.bmp,6,0.432098889,18
i06_18_4.bmp,6,0.414414444,18
i06_18_5.bmp,6,0.42042,18
i06_19_1.bmp,6,0.592592222,19
i06_19_2.bmp,6,0.585585556,19
i06_19_3.bmp,6,0.54955,19
i06_19_4.bmp,6,0.466048889,19
i06_19_5.bmp,6,0.399398889,19
i06_20_1.bmp,6,0.623456667,20
i06_20_2.bmp,6,0.58642,20
i06_20_3.bmp,6,0.621621111,20
i06_20_4.bmp,6,0.54955,20
i06_20_5.bmp,6,0.441441111,20
i06_21_1.bmp,6,0.633633333,21
i06_21_2.bmp,6,0.567901111,21
i06_21_3.bmp,6,0.52381,21
i06_21_4.bmp,6,0.404321111,21
i06_21_5.bmp,6,0.311728889,21
i06_22_1.bmp,6,0.626543333,22
i06_22_2.bmp,6,0.58642,22
i06_22_3.bmp,6,0.462462222,22
i06_22_4.bmp,6,0.396396667,22
i06_22_5.bmp,6,0.33033,22
i06_23_1.bmp,6,0.657143333,23
i06_23_2.bmp,6,0.645062222,23
i06_23_3.bmp,6,0.630631111,23
i06_23_4.bmp,6,0.591591111,23
i06_23_5.bmp,6,0.260317778,23
i06_24_1.bmp,6,0.648648889,24
i06_24_2.bmp,6,0.644444444,24
i06_24_3.bmp,6,0.534534444,24
i06_24_4.bmp,6,0.357357778,24
i06_24_5.bmp,6,0.098765556,24
I07_01_1.bmp,7,0.631313333,1
i07_01_2.bmp,7,0.565656667,1
i07_01_3.bmp,7,0.533333333,1
i07_01_4.bmp,7,0.49495,1
i07_01_5.bmp,7,0.441798889,1
i07_02_1.bmp,7,0.671604444,2
i07_02_2.bmp,7,0.651515556,2
i07_02_3.bmp,7,0.617571111,2
i07_02_4.bmp,7,0.581395556,2
i07_02_5.bmp,7,0.528395556,2
i07_03_1.bmp,7,0.548147778,3
i07_03_2.bmp,7,0.469696667,3
i07_03_3.bmp,7,0.414814444,3
i07_03_4.bmp,7,0.367901111,3
i07_03_5.bmp,7,0.303703333,3
i07_04_1.bmp,7,0.651852222,4
i07_04_2.bmp,7,0.666666667,4
i07_04_3.bmp,7,0.602468889,4
i07_04_4.bmp,7,0.550135556,4
i07_04_5.bmp,7,0.4677,4
i07_05_1.bmp,7,0.671604444,5
i07_05_2.bmp,7,0.644444444,5
i07_05_3.bmp,7,0.573232222,5
i07_05_4.bmp,7,0.475452222,5
i07_05_5.bmp,7,0.368686667,5
i07_06_1.bmp,7,0.537036667,6
i07_06_2.bmp,7,0.512626667,6
i07_06_3.bmp,7,0.462121111,6
i07_06_4.bmp,7,0.416666667,6
i07_06_5.bmp,7,0.368686667,6
i07_07_1.bmp,7,0.620155556,7
i07_07_2.bmp,7,0.57672,7
i07_07_3.bmp,7,0.479797778,7
i07_07_4.bmp,7,0.402468889,7
i07_07_5.bmp,7,0.315245556,7
i07_08_1.bmp,7,0.651515556,8
i07_08_2.bmp,7,0.614814444,8
i07_08_3.bmp,7,0.509044444,8
i07_08_4.bmp,7,0.380246667,8
i07_08_5.bmp,7,0.292928889,8
i07_09_1.bmp,7,0.71358,9
i07_09_2.bmp,7,0.669135556,9
i07_09_3.bmp,7,0.580807778,9
i07_09_4.bmp,7,0.44186,9
i07_09_5.bmp,7,0.274074444,9
i07_10_1.bmp,7,0.681481111,10
i07_10_2.bmp,7,0.65404,10
i07_10_3.bmp,7,0.560605556,10
i07_10_4.bmp,7,0.411616667,10
i07_10_5.bmp,7,0.247474444,10
I07_11_1.BMP,7,0.609818889,11
i07_11_2.bmp,7,0.501234444,11
i07_11_3.bmp,7,0.381313333,11
i07_11_4.bmp,7,0.269135556,11
i07_11_5.bmp,7,0.108585556,11
i07_12_1.bmp,7,0.593434444,12
i07_12_2.bmp,7,0.525252222,12
i07_12_3.bmp,7,0.392592222,12
i07_12_4.bmp,7,0.318182222,12
i07_12_5.bmp,7,0.279012222,12
I07_13_1.BMP,7,0.509044444,13
i07_13_2.bmp,7,0.45202,13
i07_13_3.bmp,7,0.374676667,13
i07_13_4.bmp,7,0.30303,13
i07_13_5.bmp,7,0.279012222,13
i07_14_1.bmp,7,0.643938889,14
i07_14_2.bmp,7,0.684343333,14
i07_14_3.bmp,7,0.633838889,14
i07_14_4.bmp,7,0.580246667,14
i07_14_5.bmp,7,0.467172222,14
i07_15_1.bmp,7,0.40404,15
i07_15_2.bmp,7,0.365432222,15
i07_15_3.bmp,7,0.338383333,15
i07_15_4.bmp,7,0.371212222,15
i07_15_5.bmp,7,0.405684444,15
i07_16_1.bmp,7,0.689394444,16
i07_16_2.bmp,7,0.705426667,16
i07_16_3.bmp,7,0.659258889,16
i07_16_4.bmp,7,0.595062222,16
i07_16_5.bmp,7,0.535353333,16
i07_17_1.bmp,7,0.616161111,17
i07_17_2.bmp,7,0.711111111,17
i07_17_3.bmp,7,0.489417778,17
i07_17_4.bmp,7,0.747474444,17
i07_17_5.bmp,7,0.371212222,17
i07_18_1.bmp,7,0.598484444,18
i07_18_2.bmp,7,0.550505556,18
i07_18_3.bmp,7,0.48642,18
i07_18_4.bmp,7,0.429293333,18
i07_18_5.bmp,7,0.40404,18
i07_19_1.bmp,7,0.651852222,19
i07_19_2.bmp,7,0.604937778,19
i07_19_3.bmp,7,0.533333333,19
i07_19_4.bmp,7,0.457071111,19
i07_19_5.bmp,7,0.411616667,19
i07_20_1.bmp,7,0.638888889,20
i07_20_2.bmp,7,0.602468889,20
i07_20_3.bmp,7,0.490955556,20
i07_20_4.bmp,7,0.402468889,20
i07_20_5.bmp,7,0.325581111,20
i07_21_1.bmp,7,0.62963,21
i07_21_2.bmp,7,0.550505556,21
i07_21_3.bmp,7,0.45679,21
i07_21_4.bmp,7,0.376262222,21
i07_21_5.bmp,7,0.258397778,21
i07_22_1.bmp,7,0.659258889,22
i07_22_2.bmp,7,0.581395556,22
i07_22_3.bmp,7,0.516795556,22
i07_22_4.bmp,7,0.460317778,22
i07_22_5.bmp,7,0.295454444,22
i07_23_1.bmp,7,0.669135556,23
i07_23_2.bmp,7,0.637036667,23
i07_23_3.bmp,7,0.560493333,23
i07_23_4.bmp,7,0.4677,23
i07_23_5.bmp,7,0.293826667,23
i07_24_1.bmp,7,0.635658889,24
i07_24_2.bmp,7,0.548147778,24
i07_24_3.bmp,7,0.429293333,24
i07_24_4.bmp,7,0.25,24
i07_24_5.bmp,7,0.05291,24
I08_01_1.bmp,8,0.616487778,1
i08_01_2.bmp,8,0.523297778,1
i08_01_3.bmp,8,0.537634444,1
i08_01_4.bmp,8,0.455555556,1
i08_01_5.bmp,8,0.394265556,1
i08_02_1.bmp,8,0.621527778,2
i08_02_2.bmp,8,0.616487778,2
i08_02_3.bmp,8,0.600694444,2
i08_02_4.bmp,8,0.580645556,2
i08_02_5.bmp,8,0.516128889,2
i08_03_1.bmp,8,0.516128889,3
i08_03_2.bmp,8,0.476702222,3
i08_03_3.bmp,8,0.385185556,3
i08_03_4.bmp,8,0.329861111,3
i08_03_5.bmp,8,0.260416667,3
i08_04_1.bmp,8,0.673835556,4
i08_04_2.bmp,8,0.648745556,4
i08_04_3.bmp,8,0.625,4
i08_04_4.bmp,8,0.604166667,4
i08_04_5.bmp,8,0.551971111,4
i08_05_1.bmp,8,0.592592222,5
i08_05_2.bmp,8,0.605734444,5
i08_05_3.bmp,8,0.524305556,5
i08_05_4.bmp,8,0.44086,5
i08_05_5.bmp,8,0.347222222,5
i08_06_1.bmp,8,0.487455556,6
i08_06_2.bmp,8,0.454861111,6
i08_06_3.bmp,8,0.437036667,6
i08_06_4.bmp,8,0.401433333,6
i08_06_5.bmp,8,0.340502222,6
i08_07_1.bmp,8,0.611111111,7
i08_07_2.bmp,8,0.516128889,7
i08_07_3.bmp,8,0.462963333,7
i08_07_4.bmp,8,0.383512222,7
i08_07_5.bmp,8,0.265233333,7
i08_08_1.bmp,8,0.579861111,8
i08_08_2.bmp,8,0.510416667,8
i08_08_3.bmp,8,0.433692222,8
i08_08_4.bmp,8,0.318996667,8
i08_08_5.bmp,8,0.218637778,8
i08_09_1.bmp,8,0.634408889,9
i08_09_2.bmp,8,0.652777778,9
i08_09_3.bmp,8,0.559027778,9
i08_09_4.bmp,8,0.388888889,9
i08_09_5.bmp,8,0.194444444,9
i08_10_1.bmp,8,0.663082222,10
i08_10_2.bmp,8,0.621527778,10
i08_10_3.bmp,8,0.520833333,10
i08_10_4.bmp,8,0.357638889,10
i08_10_5.bmp,8,0.149305556,10
I08_11_1.BMP,8,0.666666667,11
i08_11_2.bmp,8,0.583333333,11
i08_11_3.bmp,8,0.507407778,11
i08_11_4.bmp,8,0.46595,11
i08_11_5.bmp,8,0.251852222,11
i08_12_1.bmp,8,0.688172222,12
i08_12_2.bmp,8,0.637993333,12
i08_12_3.bmp,8,0.611111111,12
i08_12_4.bmp,8,0.534722222,12
i08_12_5.bmp,8,0.472222222,12
I08_13_1.BMP,8,0.642361111,13
i08_13_2.bmp,8,0.362963333,13
i08_13_3.bmp,8,0.487455556,13
i08_13_4.bmp,8,0.303703333,13
i08_13_5.bmp,8,0.236111111,13
i08_14_1.bmp,8,0.628472222,14
i08_14_2.bmp,8,0.604166667,14
i08_14_3.bmp,8,0.541218889,14
i08_14_4.bmp,8,0.527777778,14
i08_14_5.bmp,8,0.444444444,14
i08_15_1.bmp,8,0.419354444,15
i08_15_2.bmp,8,0.326164444,15
i08_15_3.bmp,8,0.364583333,15
i08_15_4.bmp,8,0.409722222,15
i08_15_5.bmp,8,0.390681111,15
i08_16_1.bmp,8,0.673611111,16
i08_16_2.bmp,8,0.638888889,16
i08_16_3.bmp,8,0.65233,16
i08_16_4.bmp,8,0.544803333,16
i08_16_5.bmp,8,0.507407778,16
i08_17_1.bmp,8,0.600694444,17
i08_17_2.bmp,8,0.620072222,17
i08_17_3.bmp,8,0.465277778,17
i08_17_4.bmp,8,0.562724444,17
i08_17_5.bmp,8,0.362006667,17
i08_18_1.bmp,8,0.472222222,18
i08_18_2.bmp,8,0.415771111,18
i08_18_3.bmp,8,0.326388889,18
i08_18_4.bmp,8,0.315972222,18
i08_18_5.bmp,8,0.318996667,18
i08_19_1.bmp,8,0.598566667,19
i08_19_2.bmp,8,0.548386667,19
i08_19_3.bmp,8,0.520833333,19
i08_19_4.bmp,8,0.448028889,19
i08_19_5.bmp,8,0.399305556,19
i08_20_1.bmp,8,0.65233,20
i08_20_2.bmp,8,0.663082222,20
i08_20_3.bmp,8,0.585185556,20
i08_20_4.bmp,8,0.513888889,20
i08_20_5.bmp,8,0.423611111,20
i08_21_1.bmp,8,0.631944444,21
i08_21_2.bmp,8,0.548386667,21
i08_21_3.bmp,8,0.476702222,21
i08_21_4.bmp,8,0.422938889,21
i08_21_5.bmp,8,0.297491111,21
i08_22_1.bmp,8,0.623655556,22
i08_22_2.bmp,8,0.605734444,22
i08_22_3.bmp,8,0.462365556,22
i08_22_4.bmp,8,0.340277778,22
i08_22_5.bmp,8,0.263888889,22
i08_23_1.bmp,8,0.670251111,23
i08_23_2.bmp,8,0.684587778,23
i08_23_3.bmp,8,0.630824444,23
i08_23_4.bmp,8,0.611111111,23
i08_23_5.bmp,8,0.604166667,23
i08_24_1.bmp,8,0.659497778,24
i08_24_2.bmp,8,0.642361111,24
i08_24_3.bmp,8,0.587813333,24
i08_24_4.bmp,8,0.44086,24
i08_24_5.bmp,8,0.291666667,24
I09_01_1.bmp,9,0.59596,1
i09_01_2.bmp,9,0.555555556,1
i09_01_3.bmp,9,0.50505,1
i09_01_4.bmp,9,0.448028889,1
i09_01_5.bmp,9,0.40404,1
i09_02_1.bmp,9,0.653198889,2
i09_02_2.bmp,9,0.670033333,2
i09_02_3.bmp,9,0.618055556,2
i09_02_4.bmp,9,0.541666667,2
i09_02_5.bmp,9,0.50505,2
i09_03_1.bmp,9,0.511784444,3
i09_03_2.bmp,9,0.454861111,3
i09_03_3.bmp,9,0.410774444,3
i09_03_4.bmp,9,0.361111111,3
i09_03_5.bmp,9,0.319865556,3
i09_04_1.bmp,9,0.637993333,4
i09_04_2.bmp,9,0.621527778,4
i09_04_3.bmp,9,0.598566667,4
i09_04_4.bmp,9,0.519713333,4
i09_04_5.bmp,9,0.474747778,4
i09_05_1.bmp,9,0.659497778,5
i09_05_2.bmp,9,0.611111111,5
i09_05_3.bmp,9,0.552083333,5
i09_05_4.bmp,9,0.454545556,5
i09_05_5.bmp,9,0.399305556,5
i09_06_1.bmp,9,0.579861111,6
i09_06_2.bmp,9,0.479166667,6
i09_06_3.bmp,9,0.462365556,6
i09_06_4.bmp,9,0.423611111,6
i09_06_5.bmp,9,0.371527778,6
i09_07_1.bmp,9,0.542087778,7
i09_07_2.bmp,9,0.527777778,7
i09_07_3.bmp,9,0.458781111,7
i09_07_4.bmp,9,0.407407778,7
i09_07_5.bmp,9,0.301075556,7
i09_08_1.bmp,9,0.652777778,8
i09_08_2.bmp,9,0.582491111,8
i09_08_3.bmp,9,0.482638889,8
i09_08_4.bmp,9,0.387205556,8
i09_08_5.bmp,9,0.263888889,8
i09_09_1.bmp,9,0.727272222,9
i09_09_2.bmp,9,0.676767778,9
i09_09_3.bmp,9,0.572391111,9
i09_09_4.bmp,9,0.434027778,9
i09_09_5.bmp,9,0.279461111,9
i09_10_1.bmp,9,0.666666667,10
i09_10_2.bmp,9,0.628472222,10
i09_10_3.bmp,9,0.545138889,10
i09_10_4.bmp,9,0.354838889,10
i09_10_5.bmp,9,0.260416667,10
I09_11_1.BMP,9,0.65625,11
i09_11_2.bmp,9,0.572916667,11
i09_11_3.bmp,9,0.440972222,11
i09_11_4.bmp,9,0.267361111,11
i09_11_5.bmp,9,0.097643333,11
i09_12_1.bmp,9,0.673401111,12
i09_12_2.bmp,9,0.65625,12
i09_12_3.bmp,9,0.545138889,12
i09_12_4.bmp,9,0.329861111,12
i09_12_5.bmp,9,0.315972222,12
I09_13_1.BMP,9,0.501683333,13
i09_13_2.bmp,9,0.419354444,13
i09_13_3.bmp,9,0.37037,13
i09_13_4.bmp,9,0.313131111,13
i09_13_5.bmp,9,0.319865556,13
i09_14_1.bmp,9,0.649305556,14
i09_14_2.bmp,9,0.609427778,14
i09_14_3.bmp,9,0.697916667,14
i09_14_4.bmp,9,0.493055556,14
i09_14_5.bmp,9,0.368055556,14
i09_15_1.bmp,9,0.323232222,15
i09_15_2.bmp,9,0.340067778,15
i09_15_3.bmp,9,0.361111111,15
i09_15_4.bmp,9,0.399305556,15
i09_15_5.bmp,9,0.649831111,15
i09_16_1.bmp,9,0.673401111,16
i09_16_2.bmp,9,0.700336667,16
i09_16_3.bmp,9,0.638888889,16
i09_16_4.bmp,9,0.655914444,16
i09_16_5.bmp,9,0.518518889,16
i09_17_1.bmp,9,0.645833333,17
i09_17_2.bmp,9,0.754208889,17
i09_17_3.bmp,9,0.53125,17
i09_17_4.bmp,9,0.707071111,17
i09_17_5.bmp,9,0.400673333,17
i09_18_1.bmp,9,0.535353333,18
i09_18_2.bmp,9,0.478114444,18
i09_18_3.bmp,9,0.451613333,18
i09_18_4.bmp,9,0.368055556,18
i09_18_5.bmp,9,0.350694444,18
i09_19_1.bmp,9,0.611111111,19
i09_19_2.bmp,9,0.519713333,19
i09_19_3.bmp,9,0.501792222,19
i09_19_4.bmp,9,0.451388889,19
i09_19_5.bmp,9,0.387205556,19
i09_20_1.bmp,9,0.645833333,20
i09_20_2.bmp,9,0.62963,20
i09_20_3.bmp,9,0.5,20
i09_20_4.bmp,9,0.434343333,20
i09_20_5.bmp,9,0.323232222,20
i09_21_1.bmp,9,0.585858889,21
i09_21_2.bmp,9,0.534722222,21
i09_21_3.bmp,9,0.472222222,21
i09_21_4.bmp,9,0.388888889,21
i09_21_5.bmp,9,0.240143333,21
i09_22_1.bmp,9,0.635416667,22
i09_22_2.bmp,9,0.643097778,22
i09_22_3.bmp,9,0.611111111,22
i09_22_4.bmp,9,0.454861111,22
i09_22_5.bmp,9,0.302083333,22
i09_23_1.bmp,9,0.694444444,23
i09_23_2.bmp,9,0.697916667,23
i09_23_3.bmp,9,0.670033333,23
i09_23_4.bmp,9,0.534722222,23
i09_23_5.bmp,9,0.319444444,23
i09_24_1.bmp,9,0.638888889,24
i09_24_2.bmp,9,0.565972222,24
i09_24_3.bmp,9,0.416666667,24
i09_24_4.bmp,9,0.225588889,24
i09_24_5.bmp,9,0.026935556,24
I10_01_1.bmp,10,0.635327778,1
i10_01_2.bmp,10,0.603603333,1
i10_01_3.bmp,10,0.527065556,1
i10_01_4.bmp,10,0.504273333,1
i10_01_5.bmp,10,0.423976667,1
i10_02_1.bmp,10,0.672672222,2
i10_02_2.bmp,10,0.648648889,2
i10_02_3.bmp,10,0.641025556,2
i10_02_4.bmp,10,0.614035556,2
i10_02_5.bmp,10,0.525525556,2
i10_03_1.bmp,10,0.561561111,3
i10_03_2.bmp,10,0.484567778,3
i10_03_3.bmp,10,0.447293333,3
i10_03_4.bmp,10,0.367521111,3
i10_03_5.bmp,10,0.324786667,3
i10_04_1.bmp,10,0.675213333,4
i10_04_2.bmp,10,0.567901111,4
i10_04_3.bmp,10,0.573098889,4
i10_04_4.bmp,10,0.529914444,4
i10_04_5.bmp,10,0.470085556,4
i10_05_1.bmp,10,0.672364444,5
i10_05_2.bmp,10,0.643874444,5
i10_05_3.bmp,10,0.575498889,5
i10_05_4.bmp,10,0.488304444,5
i10_05_5.bmp,10,0.371345556,5
i10_06_1.bmp,10,0.573098889,6
i10_06_2.bmp,10,0.516516667,6
i10_06_3.bmp,10,0.508772222,6
i10_06_4.bmp,10,0.426901111,6
i10_06_5.bmp,10,0.378378889,6
i10_07_1.bmp,10,0.615615556,7
i10_07_2.bmp,10,0.558404444,7
i10_07_3.bmp,10,0.495726667,7
i10_07_4.bmp,10,0.444444444,7
i10_07_5.bmp,10,0.339181111,7
i10_08_1.bmp,10,0.663742222,8
i10_08_2.bmp,10,0.589743333,8
i10_08_3.bmp,10,0.483483333,8
i10_08_4.bmp,10,0.388888889,8
i10_08_5.bmp,10,0.309941111,8
i10_09_1.bmp,10,0.663817778,9
i10_09_2.bmp,10,0.632478889,9
i10_09_3.bmp,10,0.575498889,9
i10_09_4.bmp,10,0.423976667,9
i10_09_5.bmp,10,0.253561111,9
i10_10_1.bmp,10,0.652046667,10
i10_10_2.bmp,10,0.646198889,10
i10_10_3.bmp,10,0.578347778,10
i10_10_4.bmp,10,0.404558889,10
i10_10_5.bmp,10,0.270655556,10
I10_11_1.BMP,10,0.57265,11
i10_11_2.bmp,10,0.495726667,11
i10_11_3.bmp,10,0.401708889,11
i10_11_4.bmp,10,0.24269,11
i10_11_5.bmp,10,0.137426667,11
i10_12_1.bmp,10,0.529914444,12
i10_12_2.bmp,10,0.649123333,12
i10_12_3.bmp,10,0.547008889,12
i10_12_4.bmp,10,0.450292222,12
i10_12_5.bmp,10,0.298245556,12
I10_13_1.BMP,10,0.643274444,13
i10_13_2.bmp,10,0.435672222,13
i10_13_3.bmp,10,0.380116667,13
i10_13_4.bmp,10,0.298245556,13
i10_13_5.bmp,10,0.321937778,13
i10_14_1.bmp,10,0.646723333,14
i10_14_2.bmp,10,0.683761111,14
i10_14_3.bmp,10,0.616958889,14
i10_14_4.bmp,10,0.474474444,14
i10_14_5.bmp,10,0.426901111,14
i10_15_1.bmp,10,0.342105556,15
i10_15_2.bmp,10,0.358974444,15
i10_15_3.bmp,10,0.401708889,15
i10_15_4.bmp,10,0.374268889,15
i10_15_5.bmp,10,0.464387778,15
i10_16_1.bmp,10,0.680912222,16
i10_16_2.bmp,10,0.678062222,16
i10_16_3.bmp,10,0.669515556,16
i10_16_4.bmp,10,0.619883333,16
i10_16_5.bmp,10,0.569801111,16
i10_17_1.bmp,10,0.634503333,17
i10_17_2.bmp,10,0.732193333,17
i10_17_3.bmp,10,0.507507778,17
i10_17_4.bmp,10,0.729344444,17
i10_17_5.bmp,10,0.410256667,17
i10_18_1.bmp,10,0.501424444,18
i10_18_2.bmp,10,0.452991111,18
i10_18_3.bmp,10,0.424501111,18
i10_18_4.bmp,10,0.403508889,18
i10_18_5.bmp,10,0.368421111,18
i10_19_1.bmp,10,0.619883333,19
i10_19_2.bmp,10,0.602338889,19
i10_19_3.bmp,10,0.51952,19
i10_19_4.bmp,10,0.468468889,19
i10_19_5.bmp,10,0.430198889,19
i10_20_1.bmp,10,0.649572222,20
i10_20_2.bmp,10,0.598291111,20
i10_20_3.bmp,10,0.492877778,20
i10_20_4.bmp,10,0.397661111,20
i10_20_5.bmp,10,0.318317778,20
i10_21_1.bmp,10,0.611111111,21
i10_21_2.bmp,10,0.575498889,21
i10_21_3.bmp,10,0.472934444,21
i10_21_4.bmp,10,0.418803333,21
i10_21_5.bmp,10,0.279202222,21
i10_22_1.bmp,10,0.663742222,22
i10_22_2.bmp,10,0.54131,22
i10_22_3.bmp,10,0.498498889,22
i10_22_4.bmp,10,0.447531111,22
i10_22_5.bmp,10,0.361823333,22
i10_23_1.bmp,10,0.683761111,23
i10_23_2.bmp,10,0.660968889,23
i10_23_3.bmp,10,0.505847778,23
i10_23_4.bmp,10,0.289473333,23
i10_23_5.bmp,10,0.160818889,23
i10_24_1.bmp,10,0.606837778,24
i10_24_2.bmp,10,0.532163333,24
i10_24_3.bmp,10,0.390313333,24
i10_24_4.bmp,10,0.207206667,24
i10_24_5.bmp,10,0.040935556,24
I11_01_1.bmp,11,0.615615556,1
i11_01_2.bmp,11,0.573573333,1
i11_01_3.bmp,11,0.594594444,1
i11_01_4.bmp,11,0.47619,1
i11_01_5.bmp,11,0.429012222,1
i11_02_1.bmp,11,0.617284444,2
i11_02_2.bmp,11,0.653967778,2
i11_02_3.bmp,11,0.604937778,2
i11_02_4.bmp,11,0.57716,2
i11_02_5.bmp,11,0.527777778,2
i11_03_1.bmp,11,0.555555556,3
i11_03_2.bmp,11,0.492492222,3
i11_03_3.bmp,11,0.425396667,3
i11_03_4.bmp,11,0.363363333,3
i11_03_5.bmp,11,0.324074444,3
i11_04_1.bmp,11,0.607843333,4
i11_04_2.bmp,11,0.624624444,4
i11_04_3.bmp,11,0.587301111,4
i11_04_4.bmp,11,0.57716,4
i11_04_5.bmp,11,0.51952,4
i11_05_1.bmp,11,0.66967,5
i11_05_2.bmp,11,0.645062222,5
i11_05_3.bmp,11,0.588588889,5
i11_05_4.bmp,11,0.466048889,5
i11_05_5.bmp,11,0.339506667,5
i11_06_1.bmp,11,0.521604444,6
i11_06_2.bmp,11,0.487654444,6
i11_06_3.bmp,11,0.441441111,6
i11_06_4.bmp,11,0.393393333,6
i11_06_5.bmp,11,0.336507778,6
i11_07_1.bmp,11,0.618618889,7
i11_07_2.bmp,11,0.533333333,7
i11_07_3.bmp,11,0.503086667,7
i11_07_4.bmp,11,0.437908889,7
i11_07_5.bmp,11,0.306306667,7
i11_08_1.bmp,11,0.549206667,8
i11_08_2.bmp,11,0.507936667,8
i11_08_3.bmp,11,0.417417778,8
i11_08_4.bmp,11,0.31746,8
i11_08_5.bmp,11,0.259258889,8
i11_09_1.bmp,11,0.645645556,9
i11_09_2.bmp,11,0.651651111,9
i11_09_3.bmp,11,0.518518889,9
i11_09_4.bmp,11,0.37037,9
i11_09_5.bmp,11,0.219135556,9
i11_10_1.bmp,11,0.645645556,10
i11_10_2.bmp,11,0.627627778,10
i11_10_3.bmp,11,0.558642222,10
i11_10_4.bmp,11,0.387387778,10
i11_10_5.bmp,11,0.252252222,10
I11_11_1.BMP,11,0.651234444,11
i11_11_2.bmp,11,0.603174444,11
i11_11_3.bmp,11,0.496913333,11
i11_11_4.bmp,11,0.32381,11
i11_11_5.bmp,11,0.108024444,11
i11_12_1.bmp,11,0.623456667,12
i11_12_2.bmp,11,0.66358,12
i11_12_3.bmp,11,0.513513333,12
i11_12_4.bmp,11,0.419753333,12
i11_12_5.bmp,11,0.225308889,12
I11_13_1.BMP,11,0.453703333,13
i11_13_2.bmp,11,0.504504444,13
i11_13_3.bmp,11,0.361111111,13
i11_13_4.bmp,11,0.305555556,13
i11_13_5.bmp,11,0.253086667,13
i11_14_1.bmp,11,0.648147778,14
i11_14_2.bmp,11,0.606348889,14
i11_14_3.bmp,11,0.588588889,14
i11_14_4.bmp,11,0.574074444,14
i11_14_5.bmp,11,0.487654444,14
i11_15_1.bmp,11,0.354354444,15
i11_15_2.bmp,11,0.376543333,15
i11_15_3.bmp,11,0.388888889,15
i11_15_4.bmp,11,0.408408889,15
i11_15_5.bmp,11,0.388888889,15
i11_16_1.bmp,11,0.678678889,16
i11_16_2.bmp,11,0.657657778,16
i11_16_3.bmp,11,0.632715556,16
i11_16_4.bmp,11,0.54955,16
i11_16_5.bmp,11,0.507507778,16
i11_17_1.bmp,11,0.621621111,17
i11_17_2.bmp,11,0.75,17
i11_17_3.bmp,11,0.48254,17
i11_17_4.bmp,11,0.75976,17
i11_17_5.bmp,11,0.357357778,17
i11_18_1.bmp,11,0.506173333,18
i11_18_2.bmp,11,0.474474444,18
i11_18_3.bmp,11,0.398147778,18
i11_18_4.bmp,11,0.382353333,18
i11_18_5.bmp,11,0.39039,18
i11_19_1.bmp,11,0.627627778,19
i11_19_2.bmp,11,0.567901111,19
i11_19_3.bmp,11,0.516516667,19
i11_19_4.bmp,11,0.44127,19
i11_19_5.bmp,11,0.402402222,19
i11_20_1.bmp,11,0.669841111,20
i11_20_2.bmp,11,0.621621111,20
i11_20_3.bmp,11,0.594594444,20
i11_20_4.bmp,11,0.54321,20
i11_20_5.bmp,11,0.404321111,20
i11_21_1.bmp,11,0.633633333,21
i11_21_2.bmp,11,0.601852222,21
i11_21_3.bmp,11,0.48949,21
i11_21_4.bmp,11,0.429012222,21
i11_21_5.bmp,11,0.294294444,21
i11_22_1.bmp,11,0.618618889,22
i11_22_2.bmp,11,0.600601111,22
i11_22_3.bmp,11,0.543543333,22
i11_22_4.bmp,11,0.405405556,22
i11_22_5.bmp,11,0.280864444,22
i11_23_1.bmp,11,0.651651111,23
i11_23_2.bmp,11,0.648648889,23
i11_23_3.bmp,11,0.660661111,23
i11_23_4.bmp,11,0.585585556,23
i11_23_5.bmp,11,0.306306667,23
i11_24_1.bmp,11,0.657657778,24
i11_24_2.bmp,11,0.608024444,24
i11_24_3.bmp,11,0.514285556,24
i11_24_4.bmp,11,0.320634444,24
i11_24_5.bmp,11,0.064814444,24
I12_01_1.bmp,12,0.660661111,1
i12_01_2.bmp,12,0.552468889,1
i12_01_3.bmp,12,0.532163333,1
i12_01_4.bmp,12,0.459876667,1
i12_01_5.bmp,12,0.418128889,1
i12_02_1.bmp,12,0.675675556,2
i12_02_2.bmp,12,0.663663333,2
i12_02_3.bmp,12,0.614035556,2
i12_02_4.bmp,12,0.561403333,2
i12_02_5.bmp,12,0.504504444,2
i12_03_1.bmp,12,0.507507778,3
i12_03_2.bmp,12,0.462462222,3
i12_03_3.bmp,12,0.417417778,3
i12_03_4.bmp,12,0.345028889,3
i12_03_5.bmp,12,0.30117,3
i12_04_1.bmp,12,0.657657778,4
i12_04_2.bmp,12,0.614035556,4
i12_04_3.bmp,12,0.578947778,4
i12_04_4.bmp,12,0.522522222,4
i12_04_5.bmp,12,0.42042,4
i12_05_1.bmp,12,0.627627778,5
i12_05_2.bmp,12,0.645645556,5
i12_05_3.bmp,12,0.578947778,5
i12_05_4.bmp,12,0.483483333,5
i12_05_5.bmp,12,0.406432222,5
i12_06_1.bmp,12,0.564564444,6
i12_06_2.bmp,12,0.535087778,6
i12_06_3.bmp,12,0.495495556,6
i12_06_4.bmp,12,0.453453333,6
i12_06_5.bmp,12,0.416666667,6
i12_07_1.bmp,12,0.521604444,7
i12_07_2.bmp,12,0.488304444,7
i12_07_3.bmp,12,0.464912222,7
i12_07_4.bmp,12,0.354354444,7
i12_07_5.bmp,12,0.33642,7
i12_08_1.bmp,12,0.687134444,8
i12_08_2.bmp,12,0.608186667,8
i12_08_3.bmp,12,0.502924444,8
i12_08_4.bmp,12,0.400584444,8
i12_08_5.bmp,12,0.308642222,8
i12_09_1.bmp,12,0.701754444,9
i12_09_2.bmp,12,0.614197778,9
i12_09_3.bmp,12,0.526315556,9
i12_09_4.bmp,12,0.381381111,9
i12_09_5.bmp,12,0.250793333,9
i12_10_1.bmp,12,0.675675556,10
i12_10_2.bmp,12,0.654971111,10
i12_10_3.bmp,12,0.567251111,10
i12_10_4.bmp,12,0.345028889,10
i12_10_5.bmp,12,0.248537778,10
I12_11_1.BMP,12,0.600601111,11
i12_11_2.bmp,12,0.51952,11
i12_11_3.bmp,12,0.308642222,11
i12_11_4.bmp,12,0.216374444,11
i12_11_5.bmp,12,0.090643333,11
i12_12_1.bmp,12,0.611111111,12
i12_12_2.bmp,12,0.561403333,12
i12_12_3.bmp,12,0.405405556,12
i12_12_4.bmp,12,0.342105556,12
i12_12_5.bmp,12,0.342342222,12
I12_13_1.BMP,12,0.597597778,13
i12_13_2.bmp,12,0.507507778,13
i12_13_3.bmp,12,0.359648889,13
i12_13_4.bmp,12,0.314814444,13
i12_13_5.bmp,12,0.444444444,13
i12_14_1.bmp,12,0.616958889,14
i12_14_2.bmp,12,0.68421,14
i12_14_3.bmp,12,0.504504444,14
i12_14_4.bmp,12,0.497075556,14
i12_14_5.bmp,12,0.396396667,14
i12_15_1.bmp,12,0.388888889,15
i12_15_2.bmp,12,0.390476667,15
i12_15_3.bmp,12,0.406432222,15
i12_15_4.bmp,12,0.453216667,15
i12_15_5.bmp,12,0.504762222,15
i12_16_1.bmp,12,0.725146667,16
i12_16_2.bmp,12,0.6997,16
i12_16_3.bmp,12,0.672514444,16
i12_16_4.bmp,12,0.679012222,16
i12_16_5.bmp,12,0.630631111,16
i12_17_1.bmp,12,0.695906667,17
i12_17_2.bmp,12,0.75731,17
i12_17_3.bmp,12,0.534534444,17
i12_17_4.bmp,12,0.695906667,17
i12_17_5.bmp,12,0.447368889,17
i12_18_1.bmp,12,0.627627778,18
i12_18_2.bmp,12,0.594594444,18
i12_18_3.bmp,12,0.555555556,18
i12_18_4.bmp,12,0.498498889,18
i12_18_5.bmp,12,0.477477778,18
i12_19_1.bmp,12,0.636636667,19
i12_19_2.bmp,12,0.612612222,19
i12_19_3.bmp,12,0.588588889,19
i12_19_4.bmp,12,0.523392222,19
i12_19_5.bmp,12,0.447368889,19
i12_20_1.bmp,12,0.62037,20
i12_20_2.bmp,12,0.58642,20
i12_20_3.bmp,12,0.492492222,20
i12_20_4.bmp,12,0.400584444,20
i12_20_5.bmp,12,0.311728889,20
i12_21_1.bmp,12,0.573098889,21
i12_21_2.bmp,12,0.54955,21
i12_21_3.bmp,12,0.447368889,21
i12_21_4.bmp,12,0.33642,21
i12_21_5.bmp,12,0.222222222,21
i12_22_1.bmp,12,0.583333333,22
i12_22_2.bmp,12,0.570175556,22
i12_22_3.bmp,12,0.507507778,22
i12_22_4.bmp,12,0.388888889,22
i12_22_5.bmp,12,0.291291111,22
i12_23_1.bmp,12,0.672672222,23
i12_23_2.bmp,12,0.687134444,23
i12_23_3.bmp,12,0.54386,23
i12_23_4.bmp,12,0.354354444,23
i12_23_5.bmp,12,0.245614444,23
i12_24_1.bmp,12,0.651651111,24
i12_24_2.bmp,12,0.486486667,24
i12_24_3.bmp,12,0.342105556,24
i12_24_4.bmp,12,0.219297778,24
i12_24_5.bmp,12,0.045045556,24
I13_01_1.bmp,13,0.614986667,1
i13_01_2.bmp,13,0.602777778,1
i13_01_3.bmp,13,0.563307778,1
i13_01_4.bmp,13,0.5323,1
i13_01_5.bmp,13,0.44709,1
i13_02_1.bmp,13,0.589946667,2
i13_02_2.bmp,13,0.615176667,2
i13_02_3.bmp,13,0.625323333,2
i13_02_4.bmp,13,0.600528889,2
i13_02_5.bmp,13,0.518518889,2
i13_03_1.bmp,13,0.571428889,3
i13_03_2.bmp,13,0.563492222,3
i13_03_3.bmp,13,0.462963333,3
i13_03_4.bmp,13,0.407407778,3
i13_03_5.bmp,13,0.306877778,3
i13_04_1.bmp,13,0.636856667,4
i13_04_2.bmp,13,0.608333333,4
i13_04_3.bmp,13,0.617571111,4
i13_04_4.bmp,13,0.604335556,4
i13_04_5.bmp,13,0.547618889,4
i13_05_1.bmp,13,0.595237778,5
i13_05_2.bmp,13,0.560846667,5
i13_05_3.bmp,13,0.612403333,5
i13_05_4.bmp,13,0.462963333,5
i13_05_5.bmp,13,0.343915556,5
i13_06_1.bmp,13,0.505555556,6
i13_06_2.bmp,13,0.472867778,6
i13_06_3.bmp,13,0.407407778,6
i13_06_4.bmp,13,0.382428889,6
i13_06_5.bmp,13,0.343915556,6
i13_07_1.bmp,13,0.636111111,7
i13_07_2.bmp,13,0.590785556,7
i13_07_3.bmp,13,0.515873333,7
i13_07_4.bmp,13,0.379403333,7
i13_07_5.bmp,13,0.314363333,7
i13_08_1.bmp,13,0.534391111,8
i13_08_2.bmp,13,0.439153333,8
i13_08_3.bmp,13,0.346883333,8
i13_08_4.bmp,13,0.286822222,8
i13_08_5.bmp,13,0.193122222,8
i13_09_1.bmp,13,0.563685556,9
i13_09_2.bmp,13,0.529715556,9
i13_09_3.bmp,13,0.354005556,9
i13_09_4.bmp,13,0.240741111,9
i13_09_5.bmp,13,0.0542,9
i13_10_1.bmp,13,0.609818889,10
i13_10_2.bmp,13,0.607235556,10
i13_10_3.bmp,13,0.497222222,10
i13_10_4.bmp,13,0.361756667,10
i13_10_5.bmp,13,0.129198889,10
I13_11_1.BMP,13,0.591731111,11
i13_11_2.bmp,13,0.591731111,11
i13_11_3.bmp,13,0.521164444,11
i13_11_4.bmp,13,0.483204444,11
i13_11_5.bmp,13,0.26455,11
i13_12_1.bmp,13,0.581395556,12
i13_12_2.bmp,13,0.604651111,12
i13_12_3.bmp,13,0.568475556,12
i13_12_4.bmp,13,0.584655556,12
i13_12_5.bmp,13,0.560846667,12
I13_13_1.BMP,13,0.602066667,13
i13_13_2.bmp,13,0.547618889,13
i13_13_3.bmp,13,0.5323,13
i13_13_4.bmp,13,0.403794444,13
i13_13_5.bmp,13,0.267195556,13
i13_14_1.bmp,13,0.626984444,14
i13_14_2.bmp,13,0.600528889,14
i13_14_3.bmp,13,0.637566667,14
i13_14_4.bmp,13,0.55814,14
i13_14_5.bmp,13,0.441798889,14
i13_15_1.bmp,13,0.303523333,15
i13_15_2.bmp,13,0.319783333,15
i13_15_3.bmp,13,0.338624444,15
i13_15_4.bmp,13,0.396825556,15
i13_15_5.bmp,13,0.411924444,15
i13_16_1.bmp,13,0.622738889,16
i13_16_2.bmp,13,0.586563333,16
i13_16_3.bmp,13,0.604335556,16
i13_16_4.bmp,13,0.476964444,16
i13_16_5.bmp,13,0.49354,16
i13_17_1.bmp,13,0.498707778,17
i13_17_2.bmp,13,0.736434444,17
i13_17_3.bmp,13,0.413436667,17
i13_17_4.bmp,13,0.72093,17
i13_17_5.bmp,13,0.287263333,17
i13_18_1.bmp,13,0.439024444,18
i13_18_2.bmp,13,0.416021111,18
i13_18_3.bmp,13,0.349206667,18
i13_18_4.bmp,13,0.316238889,18
i13_18_5.bmp,13,0.303523333,18
i13_19_1.bmp,13,0.582655556,19
i13_19_2.bmp,13,0.584655556,19
i13_19_3.bmp,13,0.591731111,19
i13_19_4.bmp,13,0.501355556,19
i13_19_5.bmp,13,0.462532222,19
i13_20_1.bmp,13,0.630491111,20
i13_20_2.bmp,13,0.566137778,20
i13_20_3.bmp,13,0.613756667,20
i13_20_4.bmp,13,0.587301111,20
i13_20_5.bmp,13,0.581395556,20
i13_21_1.bmp,13,0.627906667,21
i13_21_2.bmp,13,0.616402222,21
i13_21_3.bmp,13,0.566137778,21
i13_21_4.bmp,13,0.524547778,21
i13_21_5.bmp,13,0.386243333,21
i13_22_1.bmp,13,0.603174444,22
i13_22_2.bmp,13,0.531165556,22
i13_22_3.bmp,13,0.44186,22
i13_22_4.bmp,13,0.325581111,22
i13_22_5.bmp,13,0.268733333,22
i13_23_1.bmp,13,0.627906667,23
i13_23_2.bmp,13,0.599483333,23
i13_23_3.bmp,13,0.605555556,23
i13_23_4.bmp,13,0.560723333,23
i13_23_5.bmp,13,0.578811111,23
i13_24_1.bmp,13,0.604651111,24
i13_24_2.bmp,13,0.57672,24
i13_24_3.bmp,13,0.488372222,24
i13_24_4.bmp,13,0.428941111,24
i13_24_5.bmp,13,0.320105556,24
I14_01_1.bmp,14,0.654654444,1
i14_01_2.bmp,14,0.632715556,1
i14_01_3.bmp,14,0.530864444,1
i14_01_4.bmp,14,0.479365556,1
i14_01_5.bmp,14,0.416666667,1
i14_02_1.bmp,14,0.663663333,2
i14_02_2.bmp,14,0.657407778,2
i14_02_3.bmp,14,0.64127,2
i14_02_4.bmp,14,0.570987778,2
i14_02_5.bmp,14,0.503086667,2
i14_03_1.bmp,14,0.57716,3
i14_03_2.bmp,14,0.492492222,3
i14_03_3.bmp,14,0.419753333,3
i14_03_4.bmp,14,0.342592222,3
i14_03_5.bmp,14,0.288287778,3
i14_04_1.bmp,14,0.669841111,4
i14_04_2.bmp,14,0.626543333,4
i14_04_3.bmp,14,0.611111111,4
i14_04_4.bmp,14,0.51746,4
i14_04_5.bmp,14,0.447531111,4
i14_05_1.bmp,14,0.672672222,5
i14_05_2.bmp,14,0.621621111,5
i14_05_3.bmp,14,0.552468889,5
i14_05_4.bmp,14,0.462462222,5
i14_05_5.bmp,14,0.336336667,5
i14_06_1.bmp,14,0.564814444,6
i14_06_2.bmp,14,0.481481111,6
i14_06_3.bmp,14,0.447531111,6
i14_06_4.bmp,14,0.419753333,6
i14_06_5.bmp,14,0.351852222,6
i14_07_1.bmp,14,0.635802222,7
i14_07_2.bmp,14,0.604937778,7
i14_07_3.bmp,14,0.475308889,7
i14_07_4.bmp,14,0.401234444,7
i14_07_5.bmp,14,0.324324444,7
i14_08_1.bmp,14,0.603603333,8
i14_08_2.bmp,14,0.506173333,8
i14_08_3.bmp,14,0.387387778,8
i14_08_4.bmp,14,0.315315556,8
i14_08_5.bmp,14,0.177176667,8
i14_09_1.bmp,14,0.672672222,9
i14_09_2.bmp,14,0.654654444,9
i14_09_3.bmp,14,0.5,9
i14_09_4.bmp,14,0.321321111,9
i14_09_5.bmp,14,0.194444444,9
i14_10_1.bmp,14,0.641975556,10
i14_10_2.bmp,14,0.574074444,10
i14_10_3.bmp,14,0.472222222,10
i14_10_4.bmp,14,0.339506667,10
i14_10_5.bmp,14,0.20679,10
I14_11_1.BMP,14,0.663663333,11
i14_11_2.bmp,14,0.608024444,11
i14_11_3.bmp,14,0.471471111,11
i14_11_4.bmp,14,0.342592222,11
i14_11_5.bmp,14,0.142856667,11
i14_12_1.bmp,14,0.645645556,12
i14_12_2.bmp,14,0.627451111,12
i14_12_3.bmp,14,0.450793333,12
i14_12_4.bmp,14,0.45946,12
i14_12_5.bmp,14,0.354354444,12
I14_13_1.BMP,14,0.558558889,13
i14_13_2.bmp,14,0.503086667,13
i14_13_3.bmp,14,0.402402222,13
i14_13_4.bmp,14,0.342592222,13
i14_13_5.bmp,14,0.212963333,13
i14_14_1.bmp,14,0.672672222,14
i14_14_2.bmp,14,0.633633333,14
i14_14_3.bmp,14,0.521604444,14
i14_14_4.bmp,14,0.462963333,14
i14_14_5.bmp,14,0.374603333,14
i14_15_1.bmp,14,0.327327778,15
i14_15_2.bmp,14,0.372372222,15
i14_15_3.bmp,14,0.392156667,15
i14_15_4.bmp,14,0.402402222,15
i14_15_5.bmp,14,0.441441111,15
i14_16_1.bmp,14,0.64127,16
i14_16_2.bmp,14,0.663663333,16
i14_16_3.bmp,14,0.589506667,16
i14_16_4.bmp,14,0.574603333,16
i14_16_5.bmp,14,0.447618889,16
i14_17_1.bmp,14,0.600601111,17
i14_17_2.bmp,14,0.714714444,17
i14_17_3.bmp,14,0.459876667,17
i14_17_4.bmp,14,0.657657778,17
i14_17_5.bmp,14,0.36036,17
i14_18_1.bmp,14,0.596825556,18
i14_18_2.bmp,14,0.570987778,18
i14_18_3.bmp,14,0.518518889,18
i14_18_4.bmp,14,0.460784444,18
i14_18_5.bmp,14,0.416666667,18
i14_19_1.bmp,14,0.596825556,19
i14_19_2.bmp,14,0.567901111,19
i14_19_3.bmp,14,0.552468889,19
i14_19_4.bmp,14,0.434921111,19
i14_19_5.bmp,14,0.35873,19
i14_20_1.bmp,14,0.635802222,20
i14_20_2.bmp,14,0.621621111,20
i14_20_3.bmp,14,0.601852222,20
i14_20_4.bmp,14,0.466048889,20
i14_20_5.bmp,14,0.363363333,20
i14_21_1.bmp,14,0.588588889,21
i14_21_2.bmp,14,0.574074444,21
i14_21_3.bmp,14,0.504504444,21
i14_21_4.bmp,14,0.416666667,21
i14_21_5.bmp,14,0.294294444,21
i14_22_1.bmp,14,0.600601111,22
i14_22_2.bmp,14,0.596825556,22
i14_22_3.bmp,14,0.561728889,22
i14_22_4.bmp,14,0.44127,22
i14_22_5.bmp,14,0.364197778,22
i14_23_1.bmp,14,0.669753333,23
i14_23_2.bmp,14,0.66967,23
i14_23_3.bmp,14,0.623456667,23
i14_23_4.bmp,14,0.555555556,23
i14_23_5.bmp,14,0.308642222,23
i14_24_1.bmp,14,0.681682222,24
i14_24_2.bmp,14,0.62037,24
i14_24_3.bmp,14,0.493826667,24
i14_24_4.bmp,14,0.354354444,24
i14_24_5.bmp,14,0.102102222,24
I15_01_1.bmp,15,0.646913333,1
i15_01_2.bmp,15,0.563131111,1
i15_01_3.bmp,15,0.550617778,1
i15_01_4.bmp,15,0.475452222,1
i15_01_5.bmp,15,0.434567778,1
i15_02_1.bmp,15,0.676767778,2
i15_02_2.bmp,15,0.646464444,2
i15_02_3.bmp,15,0.626262222,2
i15_02_4.bmp,15,0.542928889,2
i15_02_5.bmp,15,0.515151111,2
i15_03_1.bmp,15,0.48062,3
i15_03_2.bmp,15,0.423772222,3
i15_03_3.bmp,15,0.401515556,3
i15_03_4.bmp,15,0.353086667,3
i15_03_5.bmp,15,0.29199,3
i15_04_1.bmp,15,0.669192222,4
i15_04_2.bmp,15,0.671604444,4
i15_04_3.bmp,15,0.648578889,4
i15_04_4.bmp,15,0.641975556,4
i15_04_5.bmp,15,0.55303,4
i15_05_1.bmp,15,0.642856667,5
i15_05_2.bmp,15,0.627906667,5
i15_05_3.bmp,15,0.568182222,5
i15_05_4.bmp,15,0.45202,5
i15_05_5.bmp,15,0.368686667,5
i15_06_1.bmp,15,0.492424444,6
i15_06_2.bmp,15,0.464197778,6
i15_06_3.bmp,15,0.44186,6
i15_06_4.bmp,15,0.373737778,6
i15_06_5.bmp,15,0.353086667,6
i15_07_1.bmp,15,0.534883333,7
i15_07_2.bmp,15,0.436692222,7
i15_07_3.bmp,15,0.401515556,7
i15_07_4.bmp,15,0.323456667,7
i15_07_5.bmp,15,0.271604444,7
i15_08_1.bmp,15,0.661728889,8
i15_08_2.bmp,15,0.674074444,8
i15_08_3.bmp,15,0.570706667,8
i15_08_4.bmp,15,0.436868889,8
i15_08_5.bmp,15,0.373737778,8
i15_09_1.bmp,15,0.658914444,9
i15_09_2.bmp,15,0.616161111,9
i15_09_3.bmp,15,0.521963333,9
i15_09_4.bmp,15,0.416021111,9
i15_09_5.bmp,15,0.277777778,9
i15_10_1.bmp,15,0.641975556,10
i15_10_2.bmp,15,0.633838889,10
i15_10_3.bmp,15,0.511111111,10
i15_10_4.bmp,15,0.353086667,10
i15_10_5.bmp,15,0.207407778,10
I15_11_1.BMP,15,0.649382222,11
i15_11_2.bmp,15,0.488888889,11
i15_11_3.bmp,15,0.338753333,11
i15_11_4.bmp,15,0.222222222,11
i15_11_5.bmp,15,0.072351111,11
i15_12_1.bmp,15,0.62963,12
i15_12_2.bmp,15,0.60101,12
i15_12_3.bmp,15,0.469135556,12
i15_12_4.bmp,15,0.355555556,12
i15_12_5.bmp,15,0.285353333,12
I15_13_1.BMP,15,0.537878889,13
i15_13_2.bmp,15,0.418604444,13
i15_13_3.bmp,15,0.372093333,13
i15_13_4.bmp,15,0.318182222,13
i15_13_5.bmp,15,0.234848889,13
i15_14_1.bmp,15,0.621212222,14
i15_14_2.bmp,15,0.683951111,14
i15_14_3.bmp,15,0.661728889,14
i15_14_4.bmp,15,0.558201111,14
i15_14_5.bmp,15,0.421716667,14
i15_15_1.bmp,15,0.431817778,15
i15_15_2.bmp,15,0.44697,15
i15_15_3.bmp,15,0.439394444,15
i15_15_4.bmp,15,0.459595556,15
i15_15_5.bmp,15,0.550505556,15
i15_16_1.bmp,15,0.691918889,16
i15_16_2.bmp,15,0.656331111,16
i15_16_3.bmp,15,0.602468889,16
i15_16_4.bmp,15,0.598484444,16
i15_16_5.bmp,15,0.447028889,16
i15_17_1.bmp,15,0.659091111,17
i15_17_2.bmp,15,0.740741111,17
i15_17_3.bmp,15,0.555555556,17
i15_17_4.bmp,15,0.701234444,17
i15_17_5.bmp,15,0.424691111,17
i15_18_1.bmp,15,0.57284,18
i15_18_2.bmp,15,0.534883333,18
i15_18_3.bmp,15,0.485787778,18
i15_18_4.bmp,15,0.454545556,18
i15_18_5.bmp,15,0.418604444,18
i15_19_1.bmp,15,0.656565556,19
i15_19_2.bmp,15,0.592592222,19
i15_19_3.bmp,15,0.524547778,19
i15_19_4.bmp,15,0.485787778,19
i15_19_5.bmp,15,0.434567778,19
i15_20_1.bmp,15,0.702842222,20
i15_20_2.bmp,15,0.62716,20
i15_20_3.bmp,15,0.527132222,20
i15_20_4.bmp,15,0.348147778,20
i15_20_5.bmp,15,0.271604444,20
i15_21_1.bmp,15,0.580807778,21
i15_21_2.bmp,15,0.506173333,21
i15_21_3.bmp,15,0.434567778,21
i15_21_4.bmp,15,0.34596,21
i15_21_5.bmp,15,0.255814444,21
i15_22_1.bmp,15,0.703703333,22
i15_22_2.bmp,15,0.644444444,22
i15_22_3.bmp,15,0.598484444,22
i15_22_4.bmp,15,0.498765556,22
i15_22_5.bmp,15,0.412345556,22
i15_23_1.bmp,15,0.656565556,23
i15_23_2.bmp,15,0.656565556,23
i15_23_3.bmp,15,0.59596,23
i15_23_4.bmp,15,0.497474444,23
i15_23_5.bmp,15,0.374676667,23
i15_24_1.bmp,15,0.641414444,24
i15_24_2.bmp,15,0.534883333,24
i15_24_3.bmp,15,0.358585556,24
i15_24_4.bmp,15,0.209595556,24
i15_24_5.bmp,15,0.080807778,24
I16_01_1.bmp,16,0.623931111,1
i16_01_2.bmp,16,0.627777778,1
i16_01_3.bmp,16,0.55848,1
i16_01_4.bmp,16,0.461538889,1
i16_01_5.bmp,16,0.438746667,1
i16_02_1.bmp,16,0.655555556,2
i16_02_2.bmp,16,0.683333333,2
i16_02_3.bmp,16,0.619444444,2
i16_02_4.bmp,16,0.577777778,2
i16_02_5.bmp,16,0.51282,2
i16_03_1.bmp,16,0.527065556,3
i16_03_2.bmp,16,0.453216667,3
i16_03_3.bmp,16,0.410256667,3
i16_03_4.bmp,16,0.359648889,3
i16_03_5.bmp,16,0.310541111,3
i16_04_1.bmp,16,0.647222222,4
i16_04_2.bmp,16,0.646723333,4
i16_04_3.bmp,16,0.638888889,4
i16_04_4.bmp,16,0.569801111,4
i16_04_5.bmp,16,0.51282,4
i16_05_1.bmp,16,0.644444444,5
i16_05_2.bmp,16,0.623931111,5
i16_05_3.bmp,16,0.581196667,5
i16_05_4.bmp,16,0.483333333,5
i16_05_5.bmp,16,0.377193333,5
i16_06_1.bmp,16,0.586894444,6
i16_06_2.bmp,16,0.535612222,6
i16_06_3.bmp,16,0.504273333,6
i16_06_4.bmp,16,0.44152,6
i16_06_5.bmp,16,0.39886,6
i16_07_1.bmp,16,0.608333333,7
i16_07_2.bmp,16,0.527777778,7
i16_07_3.bmp,16,0.483333333,7
i16_07_4.bmp,16,0.407407778,7
i16_07_5.bmp,16,0.344728889,7
i16_08_1.bmp,16,0.646723333,8
i16_08_2.bmp,16,0.580555556,8
i16_08_3.bmp,16,0.475,8
i16_08_4.bmp,16,0.401708889,8
i16_08_5.bmp,16,0.325,8
i16_09_1.bmp,16,0.669515556,9
i16_09_2.bmp,16,0.641025556,9
i16_09_3.bmp,16,0.509971111,9
i16_09_4.bmp,16,0.347578889,9
i16_09_5.bmp,16,0.260234444,9
i16_10_1.bmp,16,0.655555556,10
i16_10_2.bmp,16,0.641025556,10
i16_10_3.bmp,16,0.584045556,10
i16_10_4.bmp,16,0.401708889,10
i16_10_5.bmp,16,0.273504444,10
I16_11_1.BMP,16,0.652777778,11
i16_11_2.bmp,16,0.563888889,11
i16_11_3.bmp,16,0.321937778,11
i16_11_4.bmp,16,0.230555556,11
i16_11_5.bmp,16,0.105555556,11
i16_12_1.bmp,16,0.652777778,12
i16_12_2.bmp,16,0.619444444,12
i16_12_3.bmp,16,0.547222222,12
i16_12_4.bmp,16,0.364672222,12
i16_12_5.bmp,16,0.288888889,12
I16_13_1.BMP,16,0.511111111,13
i16_13_2.bmp,16,0.423976667,13
i16_13_3.bmp,16,0.495726667,13
i16_13_4.bmp,16,0.339031111,13
i16_13_5.bmp,16,0.402777778,13
i16_14_1.bmp,16,0.641025556,14
i16_14_2.bmp,16,0.681286667,14
i16_14_3.bmp,16,0.623931111,14
i16_14_4.bmp,16,0.614035556,14
i16_14_5.bmp,16,0.508333333,14
i16_15_1.bmp,16,0.378917778,15
i16_15_2.bmp,16,0.393162222,15
i16_15_3.bmp,16,0.386111111,15
i16_15_4.bmp,16,0.405555556,15
i16_15_5.bmp,16,0.447368889,15
i16_16_1.bmp,16,0.65812,16
i16_16_2.bmp,16,0.697222222,16
i16_16_3.bmp,16,0.631578889,16
i16_16_4.bmp,16,0.638888889,16
i16_16_5.bmp,16,0.51282,16
i16_17_1.bmp,16,0.647222222,17
i16_17_2.bmp,16,0.788888889,17
i16_17_3.bmp,16,0.527777778,17
i16_17_4.bmp,16,0.738888889,17
i16_17_5.bmp,16,0.373218889,17
i16_18_1.bmp,16,0.511111111,18
i16_18_2.bmp,16,0.488304444,18
i16_18_3.bmp,16,0.45,18
i16_18_4.bmp,16,0.435897778,18
i16_18_5.bmp,16,0.438596667,18
i16_19_1.bmp,16,0.619444444,19
i16_19_2.bmp,16,0.597222222,19
i16_19_3.bmp,16,0.51282,19
i16_19_4.bmp,16,0.461538889,19
i16_19_5.bmp,16,0.407407778,19
i16_20_1.bmp,16,0.675213333,20
i16_20_2.bmp,16,0.638176667,20
i16_20_3.bmp,16,0.576023333,20
i16_20_4.bmp,16,0.458333333,20
i16_20_5.bmp,16,0.39886,20
i16_21_1.bmp,16,0.647222222,21
i16_21_2.bmp,16,0.606837778,21
i16_21_3.bmp,16,0.472934444,21
i16_21_4.bmp,16,0.418803333,21
i16_21_5.bmp,16,0.205127778,21
i16_22_1.bmp,16,0.623931111,22
i16_22_2.bmp,16,0.594444444,22
i16_22_3.bmp,16,0.54955,22
i16_22_4.bmp,16,0.44152,22
i16_22_5.bmp,16,0.308333333,22
i16_23_1.bmp,16,0.680555556,23
i16_23_2.bmp,16,0.536111111,23
i16_23_3.bmp,16,0.3,23
i16_23_4.bmp,16,0.239765556,23
i16_23_5.bmp,16,0.169591111,23
i16_24_1.bmp,16,0.596491111,24
i16_24_2.bmp,16,0.450292222,24
i16_24_3.bmp,16,0.293447778,24
i16_24_4.bmp,16,0.204678889,24
i16_24_5.bmp,16,0.108262222,24
I17_01_1.bmp,17,0.654654444,1
i17_01_2.bmp,17,0.578947778,1
i17_01_3.bmp,17,0.561253333,1
i17_01_4.bmp,17,0.48718,1
i17_01_5.bmp,17,0.430198889,1
i17_02_1.bmp,17,0.638888889,2
i17_02_2.bmp,17,0.666666667,2
i17_02_3.bmp,17,0.647222222,2
i17_02_4.bmp,17,0.586111111,2
i17_02_5.bmp,17,0.498575556,2
i17_03_1.bmp,17,0.552631111,3
i17_03_2.bmp,17,0.492877778,3
i17_03_3.bmp,17,0.424501111,3
i17_03_4.bmp,17,0.372222222,3
i17_03_5.bmp,17,0.321937778,3
i17_04_1.bmp,17,0.641025556,4
i17_04_2.bmp,17,0.663742222,4
i17_04_3.bmp,17,0.592592222,4
i17_04_4.bmp,17,0.581871111,4
i17_04_5.bmp,17,0.526315556,4
i17_05_1.bmp,17,0.647222222,5
i17_05_2.bmp,17,0.658333333,5
i17_05_3.bmp,17,0.581871111,5
i17_05_4.bmp,17,0.464387778,5
i17_05_5.bmp,17,0.371345556,5
i17_06_1.bmp,17,0.47076,6
i17_06_2.bmp,17,0.492492222,6
i17_06_3.bmp,17,0.444444444,6
i17_06_4.bmp,17,0.394444444,6
i17_06_5.bmp,17,0.367521111,6
i17_07_1.bmp,17,0.635327778,7
i17_07_2.bmp,17,0.517543333,7
i17_07_3.bmp,17,0.433048889,7
i17_07_4.bmp,17,0.356125556,7
i17_07_5.bmp,17,0.274853333,7
i17_08_1.bmp,17,0.638176667,8
i17_08_2.bmp,17,0.580555556,8
i17_08_3.bmp,17,0.508333333,8
i17_08_4.bmp,17,0.413105556,8
i17_08_5.bmp,17,0.327777778,8
i17_09_1.bmp,17,0.669444444,9
i17_09_2.bmp,17,0.678362222,9
i17_09_3.bmp,17,0.558333333,9
i17_09_4.bmp,17,0.424501111,9
i17_09_5.bmp,17,0.273273333,9
i17_10_1.bmp,17,0.672364444,10
i17_10_2.bmp,17,0.658333333,10
i17_10_3.bmp,17,0.57265,10
i17_10_4.bmp,17,0.380555556,10
i17_10_5.bmp,17,0.25,10
I17_11_1.BMP,17,0.618233333,11
i17_11_2.bmp,17,0.603988889,11
i17_11_3.bmp,17,0.42735,11
i17_11_4.bmp,17,0.307692222,11
i17_11_5.bmp,17,0.113888889,11
i17_12_1.bmp,17,0.652777778,12
i17_12_2.bmp,17,0.65812,12
i17_12_3.bmp,17,0.564102222,12
i17_12_4.bmp,17,0.436111111,12
i17_12_5.bmp,17,0.276353333,12
I17_13_1.BMP,17,0.572222222,13
i17_13_2.bmp,17,0.494444444,13
i17_13_3.bmp,17,0.362573333,13
i17_13_4.bmp,17,0.269444444,13
i17_13_5.bmp,17,0.263157778,13
i17_14_1.bmp,17,0.652777778,14
i17_14_2.bmp,17,0.643874444,14
i17_14_3.bmp,17,0.614035556,14
i17_14_4.bmp,17,0.48433,14
i17_14_5.bmp,17,0.391666667,14
i17_15_1.bmp,17,0.394444444,15
i17_15_2.bmp,17,0.378917778,15
i17_15_3.bmp,17,0.361823333,15
i17_15_4.bmp,17,0.402777778,15
i17_15_5.bmp,17,0.444444444,15
i17_16_1.bmp,17,0.658333333,16
i17_16_2.bmp,17,0.669444444,16
i17_16_3.bmp,17,0.619883333,16
i17_16_4.bmp,17,0.573098889,16
i17_16_5.bmp,17,0.464387778,16
i17_17_1.bmp,17,0.619444444,17
i17_17_2.bmp,17,0.736111111,17
i17_17_3.bmp,17,0.498575556,17
i17_17_4.bmp,17,0.788888889,17
i17_17_5.bmp,17,0.374268889,17
i17_18_1.bmp,17,0.505555556,18
i17_18_2.bmp,17,0.452991111,18
i17_18_3.bmp,17,0.45869,18
i17_18_4.bmp,17,0.424501111,18
i17_18_5.bmp,17,0.413105556,18
i17_19_1.bmp,17,0.636111111,19
i17_19_2.bmp,17,0.592592222,19
i17_19_3.bmp,17,0.529914444,19
i17_19_4.bmp,17,0.478632222,19
i17_19_5.bmp,17,0.435897778,19
i17_20_1.bmp,17,0.638888889,20
i17_20_2.bmp,17,0.605555556,20
i17_20_3.bmp,17,0.540935556,20
i17_20_4.bmp,17,0.48538,20
i17_20_5.bmp,17,0.318317778,20
i17_21_1.bmp,17,0.602777778,21
i17_21_2.bmp,17,0.532763333,21
i17_21_3.bmp,17,0.472222222,21
i17_21_4.bmp,17,0.376068889,21
i17_21_5.bmp,17,0.280702222,21
i17_22_1.bmp,17,0.663888889,22
i17_22_2.bmp,17,0.623931111,22
i17_22_3.bmp,17,0.482456667,22
i17_22_4.bmp,17,0.39886,22
i17_22_5.bmp,17,0.321937778,22
i17_23_1.bmp,17,0.655555556,23
i17_23_2.bmp,17,0.655555556,23
i17_23_3.bmp,17,0.507122222,23
i17_23_4.bmp,17,0.350427778,23
i17_23_5.bmp,17,0.213675556,23
i17_24_1.bmp,17,0.672222222,24
i17_24_2.bmp,17,0.613888889,24
i17_24_3.bmp,17,0.44152,24
i17_24_4.bmp,17,0.225071111,24
i17_24_5.bmp,17,0.038012222,24
I18_01_1.bmp,18,0.632275556,1
i18_01_2.bmp,18,0.601625556,1
i18_01_3.bmp,18,0.538888889,1
i18_01_4.bmp,18,0.495934444,1
i18_01_5.bmp,18,0.444444444,1
i18_02_1.bmp,18,0.661246667,2
i18_02_2.bmp,18,0.653438889,2
i18_02_3.bmp,18,0.637566667,2
i18_02_4.bmp,18,0.514905556,2
i18_02_5.bmp,18,0.471544444,2
i18_03_1.bmp,18,0.55291,3
i18_03_2.bmp,18,0.505555556,3
i18_03_3.bmp,18,0.415344444,3
i18_03_4.bmp,18,0.346561111,3
i18_03_5.bmp,18,0.283068889,3
i18_04_1.bmp,18,0.686111111,4
i18_04_2.bmp,18,0.653438889,4
i18_04_3.bmp,18,0.653116667,4
i18_04_4.bmp,18,0.590785556,4
i18_04_5.bmp,18,0.482384444,4
i18_05_1.bmp,18,0.693766667,5
i18_05_2.bmp,18,0.623306667,5
i18_05_3.bmp,18,0.574525556,5
i18_05_4.bmp,18,0.444444444,5
i18_05_5.bmp,18,0.347222222,5
i18_06_1.bmp,18,0.507936667,6
i18_06_2.bmp,18,0.461111111,6
i18_06_3.bmp,18,0.42328,6
i18_06_4.bmp,18,0.414634444,6
i18_06_5.bmp,18,0.355013333,6
i18_07_1.bmp,18,0.619047778,7
i18_07_2.bmp,18,0.547618889,7
i18_07_3.bmp,18,0.468254444,7
i18_07_4.bmp,18,0.378306667,7
i18_07_5.bmp,18,0.333333333,7
i18_08_1.bmp,18,0.632275556,8
i18_08_2.bmp,18,0.517615556,8
i18_08_3.bmp,18,0.460317778,8
i18_08_4.bmp,18,0.338624444,8
i18_08_5.bmp,18,0.227642222,8
i18_09_1.bmp,18,0.669376667,9
i18_09_2.bmp,18,0.653438889,9
i18_09_3.bmp,18,0.473544444,9
i18_09_4.bmp,18,0.336043333,9
i18_09_5.bmp,18,0.189702222,9
i18_10_1.bmp,18,0.674796667,10
i18_10_2.bmp,18,0.642276667,10
i18_10_3.bmp,18,0.519444444,10
i18_10_4.bmp,18,0.388888889,10
i18_10_5.bmp,18,0.241192222,10
I18_11_1.BMP,18,0.644986667,11
i18_11_2.bmp,18,0.611111111,11
i18_11_3.bmp,18,0.501355556,11
i18_11_4.bmp,18,0.34127,11
i18_11_5.bmp,18,0.111111111,11
i18_12_1.bmp,18,0.706348889,12
i18_12_2.bmp,18,0.596205556,12
i18_12_3.bmp,18,0.617886667,12
i18_12_4.bmp,18,0.547222222,12
i18_12_5.bmp,18,0.295393333,12
I18_13_1.BMP,18,0.460704444,13
i18_13_2.bmp,18,0.484126667,13
i18_13_3.bmp,18,0.431216667,13
i18_13_4.bmp,18,0.322493333,13
i18_13_5.bmp,18,0.273712222,13
i18_14_1.bmp,18,0.550135556,14
i18_14_2.bmp,18,0.666666667,14
i18_14_3.bmp,18,0.466124444,14
i18_14_4.bmp,18,0.462963333,14
i18_14_5.bmp,18,0.371273333,14
i18_15_1.bmp,18,0.357723333,15
i18_15_2.bmp,18,0.371273333,15
i18_15_3.bmp,18,0.355555556,15
i18_15_4.bmp,18,0.391666667,15
i18_15_5.bmp,18,0.439153333,15
i18_16_1.bmp,18,0.712736667,16
i18_16_2.bmp,18,0.661375556,16
i18_16_3.bmp,18,0.632275556,16
i18_16_4.bmp,18,0.555555556,16
i18_16_5.bmp,18,0.472934444,16
i18_17_1.bmp,18,0.65873,17
i18_17_2.bmp,18,0.677506667,17
i18_17_3.bmp,18,0.490514444,17
i18_17_4.bmp,18,0.656084444,17
i18_17_5.bmp,18,0.387533333,17
i18_18_1.bmp,18,0.558265556,18
i18_18_2.bmp,18,0.533333333,18
i18_18_3.bmp,18,0.484126667,18
i18_18_4.bmp,18,0.452381111,18
i18_18_5.bmp,18,0.455026667,18
i18_19_1.bmp,18,0.571428889,19
i18_19_2.bmp,18,0.563492222,19
i18_19_3.bmp,18,0.486111111,19
i18_19_4.bmp,18,0.428184444,19
i18_19_5.bmp,18,0.411924444,19
i18_20_1.bmp,18,0.685185556,20
i18_20_2.bmp,18,0.619047778,20
i18_20_3.bmp,18,0.596205556,20
i18_20_4.bmp,18,0.485094444,20
i18_20_5.bmp,18,0.369444444,20
i18_21_1.bmp,18,0.613756667,21
i18_21_2.bmp,18,0.593495556,21
i18_21_3.bmp,18,0.5,21
i18_21_4.bmp,18,0.362433333,21
i18_21_5.bmp,18,0.257452222,21
i18_22_1.bmp,18,0.634921111,22
i18_22_2.bmp,18,0.489417778,22
i18_22_3.bmp,18,0.409214444,22
i18_22_4.bmp,18,0.328042222,22
i18_22_5.bmp,18,0.259258889,22
i18_23_1.bmp,18,0.701057778,23
i18_23_2.bmp,18,0.687831111,23
i18_23_3.bmp,18,0.675,23
i18_23_4.bmp,18,0.65873,23
i18_23_5.bmp,18,0.444444444,23
i18_24_1.bmp,18,0.655826667,24
i18_24_2.bmp,18,0.621693333,24
i18_24_3.bmp,18,0.509485556,24
i18_24_4.bmp,18,0.357723333,24
i18_24_5.bmp,18,0.113756667,24
I19_01_1.bmp,19,0.636636667,1
i19_01_2.bmp,19,0.567567778,1
i19_01_3.bmp,19,0.511695556,1
i19_01_4.bmp,19,0.45946,1
i19_01_5.bmp,19,0.396396667,1
i19_02_1.bmp,19,0.675675556,2
i19_02_2.bmp,19,0.627627778,2
i19_02_3.bmp,19,0.619883333,2
i19_02_4.bmp,19,0.555555556,2
i19_02_5.bmp,19,0.496913333,2
i19_03_1.bmp,19,0.518518889,3
i19_03_2.bmp,19,0.45045,3
i19_03_3.bmp,19,0.403508889,3
i19_03_4.bmp,19,0.333333333,3
i19_03_5.bmp,19,0.280702222,3
i19_04_1.bmp,19,0.654971111,4
i19_04_2.bmp,19,0.660661111,4
i19_04_3.bmp,19,0.654971111,4
i19_04_4.bmp,19,0.582582222,4
i19_04_5.bmp,19,0.498498889,4
i19_05_1.bmp,19,0.663742222,5
i19_05_2.bmp,19,0.611111111,5
i19_05_3.bmp,19,0.564327778,5
i19_05_4.bmp,19,0.444444444,5
i19_05_5.bmp,19,0.353801111,5
i19_06_1.bmp,19,0.526315556,6
i19_06_2.bmp,19,0.516516667,6
i19_06_3.bmp,19,0.429824444,6
i19_06_4.bmp,19,0.396396667,6
i19_06_5.bmp,19,0.354354444,6
i19_07_1.bmp,19,0.597597778,7
i19_07_2.bmp,19,0.51952,7
i19_07_3.bmp,19,0.432098889,7
i19_07_4.bmp,19,0.354937778,7
i19_07_5.bmp,19,0.289473333,7
i19_08_1.bmp,19,0.594594444,8
i19_08_2.bmp,19,0.522522222,8
i19_08_3.bmp,19,0.418128889,8
i19_08_4.bmp,19,0.321321111,8
i19_08_5.bmp,19,0.252252222,8
i19_09_1.bmp,19,0.675675556,9
i19_09_2.bmp,19,0.654971111,9
i19_09_3.bmp,19,0.540935556,9
i19_09_4.bmp,19,0.363363333,9
i19_09_5.bmp,19,0.207206667,9
i19_10_1.bmp,19,0.637426667,10
i19_10_2.bmp,19,0.608024444,10
i19_10_3.bmp,19,0.540123333,10
i19_10_4.bmp,19,0.333333333,10
i19_10_5.bmp,19,0.18421,10
I19_11_1.BMP,19,0.614035556,11
i19_11_2.bmp,19,0.552631111,11
i19_11_3.bmp,19,0.502924444,11
i19_11_4.bmp,19,0.327327778,11
i19_11_5.bmp,19,0.137426667,11
i19_12_1.bmp,19,0.681286667,12
i19_12_2.bmp,19,0.621621111,12
i19_12_3.bmp,19,0.576023333,12
i19_12_4.bmp,19,0.564564444,12
i19_12_5.bmp,19,0.503086667,12
I19_13_1.BMP,19,0.51952,13
i19_13_2.bmp,19,0.450292222,13
i19_13_3.bmp,19,0.402402222,13
i19_13_4.bmp,19,0.342105556,13
i19_13_5.bmp,19,0.216374444,13
i19_14_1.bmp,19,0.623456667,14
i19_14_2.bmp,19,0.669591111,14
i19_14_3.bmp,19,0.606606667,14
i19_14_4.bmp,19,0.546783333,14
i19_14_5.bmp,19,0.405405556,14
i19_15_1.bmp,19,0.320987778,15
i19_15_2.bmp,19,0.364197778,15
i19_15_3.bmp,19,0.39039,15
i19_15_4.bmp,19,0.409356667,15
i19_15_5.bmp,19,0.393393333,15
i19_16_1.bmp,19,0.681286667,16
i19_16_2.bmp,19,0.695906667,16
i19_16_3.bmp,19,0.587718889,16
i19_16_4.bmp,19,0.649123333,16
i19_16_5.bmp,19,0.490741111,16
i19_17_1.bmp,19,0.608186667,17
i19_17_2.bmp,19,0.687687778,17
i19_17_3.bmp,19,0.492492222,17
i19_17_4.bmp,19,0.63964,17
i19_17_5.bmp,19,0.371345556,17
i19_18_1.bmp,19,0.570571111,18
i19_18_2.bmp,19,0.487654444,18
i19_18_3.bmp,19,0.471471111,18
i19_18_4.bmp,19,0.453453333,18
i19_18_5.bmp,19,0.45045,18
i19_19_1.bmp,19,0.615615556,19
i19_19_2.bmp,19,0.552552222,19
i19_19_3.bmp,19,0.506173333,19
i19_19_4.bmp,19,0.479365556,19
i19_19_5.bmp,19,0.395062222,19
i19_20_1.bmp,19,0.633633333,20
i19_20_2.bmp,19,0.634503333,20
i19_20_3.bmp,19,0.576576667,20
i19_20_4.bmp,19,0.459876667,20
i19_20_5.bmp,19,0.339181111,20
i19_21_1.bmp,19,0.600601111,21
i19_21_2.bmp,19,0.573573333,21
i19_21_3.bmp,19,0.453453333,21
i19_21_4.bmp,19,0.396396667,21
i19_21_5.bmp,19,0.25,21
i19_22_1.bmp,19,0.637426667,22
i19_22_2.bmp,19,0.591591111,22
i19_22_3.bmp,19,0.488888889,22
i19_22_4.bmp,19,0.438596667,22
i19_22_5.bmp,19,0.306306667,22
i19_23_1.bmp,19,0.652046667,23
i19_23_2.bmp,19,0.69883,23
i19_23_3.bmp,19,0.63964,23
i19_23_4.bmp,19,0.640351111,23
i19_23_5.bmp,19,0.57958,23
i19_24_1.bmp,19,0.606606667,24
i19_24_2.bmp,19,0.522522222,24
i19_24_3.bmp,19,0.404321111,24
i19_24_4.bmp,19,0.277777778,24
i19_24_5.bmp,19,0.08642,24
I20_01_1.bmp,20,0.641025556,1
i20_01_2.bmp,20,0.612535556,1
i20_01_3.bmp,20,0.546783333,1
i20_01_4.bmp,20,0.492877778,1
i20_01_5.bmp,20,0.42042,1
i20_02_1.bmp,20,0.649123333,2
i20_02_2.bmp,20,0.643874444,2
i20_02_3.bmp,20,0.612612222,2
i20_02_4.bmp,20,0.586894444,2
i20_02_5.bmp,20,0.498575556,2
i20_03_1.bmp,20,0.549707778,3
i20_03_2.bmp,20,0.467836667,3
i20_03_3.bmp,20,0.423423333,3
i20_03_4.bmp,20,0.347578889,3
i20_03_5.bmp,20,0.295321111,3
i20_04_1.bmp,20,0.634503333,4
i20_04_2.bmp,20,0.608186667,4
i20_04_3.bmp,20,0.573098889,4
i20_04_4.bmp,20,0.525525556,4
i20_04_5.bmp,20,0.45045,4
i20_05_1.bmp,20,0.669591111,5
i20_05_2.bmp,20,0.640351111,5
i20_05_3.bmp,20,0.599415556,5
i20_05_4.bmp,20,0.470085556,5
i20_05_5.bmp,20,0.324561111,5
i20_06_1.bmp,20,0.552631111,6
i20_06_2.bmp,20,0.459876667,6
i20_06_3.bmp,20,0.438596667,6
i20_06_4.bmp,20,0.381766667,6
i20_06_5.bmp,20,0.344728889,6
i20_07_1.bmp,20,0.586894444,7
i20_07_2.bmp,20,0.525525556,7
i20_07_3.bmp,20,0.497075556,7
i20_07_4.bmp,20,0.415204444,7
i20_07_5.bmp,20,0.364672222,7
i20_08_1.bmp,20,0.628654444,8
i20_08_2.bmp,20,0.588588889,8
i20_08_3.bmp,20,0.447531111,8
i20_08_4.bmp,20,0.380116667,8
i20_08_5.bmp,20,0.287748889,8
i20_09_1.bmp,20,0.695906667,9
i20_09_2.bmp,20,0.681286667,9
i20_09_3.bmp,20,0.592592222,9
i20_09_4.bmp,20,0.417417778,9
i20_09_5.bmp,20,0.246246667,9
i20_10_1.bmp,20,0.681286667,10
i20_10_2.bmp,20,0.637426667,10
i20_10_3.bmp,20,0.549382222,10
i20_10_4.bmp,20,0.397661111,10
i20_10_5.bmp,20,0.304843333,10
I20_11_1.BMP,20,0.619883333,11
i20_11_2.bmp,20,0.538012222,11
i20_11_3.bmp,20,0.381381111,11
i20_11_4.bmp,20,0.22807,11
i20_11_5.bmp,20,0.082621111,11
i20_12_1.bmp,20,0.680912222,12
i20_12_2.bmp,20,0.589743333,12
i20_12_3.bmp,20,0.494152222,12
i20_12_4.bmp,20,0.472934444,12
i20_12_5.bmp,20,0.28655,12
I20_13_1.BMP,20,0.57265,13
i20_13_2.bmp,20,0.421052222,13
i20_13_3.bmp,20,0.424501111,13
i20_13_4.bmp,20,0.321321111,13
i20_13_5.bmp,20,0.225225556,13
i20_14_1.bmp,20,0.669591111,14
i20_14_2.bmp,20,0.649123333,14
i20_14_3.bmp,20,0.505847778,14
i20_14_4.bmp,20,0.45869,14
i20_14_5.bmp,20,0.374268889,14
i20_15_1.bmp,20,0.358974444,15
i20_15_2.bmp,20,0.371345556,15
i20_15_3.bmp,20,0.410256667,15
i20_15_4.bmp,20,0.433048889,15
i20_15_5.bmp,20,0.450142222,15
i20_16_1.bmp,20,0.672364444,16
i20_16_2.bmp,20,0.672672222,16
i20_16_3.bmp,20,0.600601111,16
i20_16_4.bmp,20,0.570571111,16
i20_16_5.bmp,20,0.524216667,16
i20_17_1.bmp,20,0.623931111,17
i20_17_2.bmp,20,0.703703333,17
i20_17_3.bmp,20,0.48048,17
i20_17_4.bmp,20,0.652421111,17
i20_17_5.bmp,20,0.393162222,17
i20_18_1.bmp,20,0.623931111,18
i20_18_2.bmp,20,0.581871111,18
i20_18_3.bmp,20,0.5,18
i20_18_4.bmp,20,0.45946,18
i20_18_5.bmp,20,0.45614,18
i20_19_1.bmp,20,0.646723333,19
i20_19_2.bmp,20,0.575498889,19
i20_19_3.bmp,20,0.532763333,19
i20_19_4.bmp,20,0.444444444,19
i20_19_5.bmp,20,0.384615556,19
i20_20_1.bmp,20,0.68421,20
i20_20_2.bmp,20,0.606837778,20
i20_20_3.bmp,20,0.532163333,20
i20_20_4.bmp,20,0.391813333,20
i20_20_5.bmp,20,0.301994444,20
i20_21_1.bmp,20,0.616958889,21
i20_21_2.bmp,20,0.52924,21
i20_21_3.bmp,20,0.444444444,21
i20_21_4.bmp,20,0.36036,21
i20_21_5.bmp,20,0.28655,21
i20_22_1.bmp,20,0.666666667,22
i20_22_2.bmp,20,0.567251111,22
i20_22_3.bmp,20,0.502924444,22
i20_22_4.bmp,20,0.456456667,22
i20_22_5.bmp,20,0.414414444,22
i20_23_1.bmp,20,0.660968889,23
i20_23_2.bmp,20,0.695156667,23
i20_23_3.bmp,20,0.646723333,23
i20_23_4.bmp,20,0.525525556,23
i20_23_5.bmp,20,0.350427778,23
i20_24_1.bmp,20,0.687134444,24
i20_24_2.bmp,20,0.564327778,24
i20_24_3.bmp,20,0.381381111,24
i20_24_4.bmp,20,0.219373333,24
i20_24_5.bmp,20,0.093567778,24
I21_01_1.bmp,21,0.612403333,1
i21_01_2.bmp,21,0.563307778,1
i21_01_3.bmp,21,0.498707778,1
i21_01_4.bmp,21,0.434108889,1
i21_01_5.bmp,21,0.387596667,1
i21_02_1.bmp,21,0.645502222,2
i21_02_2.bmp,21,0.614986667,2
i21_02_3.bmp,21,0.604651111,2
i21_02_4.bmp,21,0.534883333,2
i21_02_5.bmp,21,0.461111111,2
i21_03_1.bmp,21,0.488372222,3
i21_03_2.bmp,21,0.436314444,3
i21_03_3.bmp,21,0.351852222,3
i21_03_4.bmp,21,0.341085556,3
i21_03_5.bmp,21,0.284237778,3
i21_04_1.bmp,21,0.658914444,4
i21_04_2.bmp,21,0.669251111,4
i21_04_3.bmp,21,0.607045556,4
i21_04_4.bmp,21,0.592592222,4
i21_04_5.bmp,21,0.516666667,4
i21_05_1.bmp,21,0.633074444,5
i21_05_2.bmp,21,0.656331111,5
i21_05_3.bmp,21,0.568475556,5
i21_05_4.bmp,21,0.436507778,5
i21_05_5.bmp,21,0.333333333,5
i21_06_1.bmp,21,0.547425556,6
i21_06_2.bmp,21,0.486772222,6
i21_06_3.bmp,21,0.447154444,6
i21_06_4.bmp,21,0.388888889,6
i21_06_5.bmp,21,0.338624444,6
i21_07_1.bmp,21,0.558265556,7
i21_07_2.bmp,21,0.494444444,7
i21_07_3.bmp,21,0.462963333,7
i21_07_4.bmp,21,0.399471111,7
i21_07_5.bmp,21,0.351852222,7
i21_08_1.bmp,21,0.611111111,8
i21_08_2.bmp,21,0.539682222,8
i21_08_3.bmp,21,0.457364444,8
i21_08_4.bmp,21,0.359173333,8
i21_08_5.bmp,21,0.24031,8
i21_09_1.bmp,21,0.675,9
i21_09_2.bmp,21,0.687831111,9
i21_09_3.bmp,21,0.589946667,9
i21_09_4.bmp,21,0.418604444,9
i21_09_5.bmp,21,0.232557778,9
i21_10_1.bmp,21,0.701057778,10
i21_10_2.bmp,21,0.653438889,10
i21_10_3.bmp,21,0.571058889,10
i21_10_4.bmp,21,0.362433333,10
i21_10_5.bmp,21,0.214092222,10
I21_11_1.BMP,21,0.680216667,11
i21_11_2.bmp,21,0.599483333,11
i21_11_3.bmp,21,0.521164444,11
i21_11_4.bmp,21,0.333333333,11
i21_11_5.bmp,21,0.116278889,11
i21_12_1.bmp,21,0.643411111,12
i21_12_2.bmp,21,0.529715556,12
i21_12_3.bmp,21,0.666666667,12
i21_12_4.bmp,21,0.624338889,12
i21_12_5.bmp,21,0.224867778,12
I21_13_1.BMP,21,0.494708889,13
i21_13_2.bmp,21,0.410053333,13
i21_13_3.bmp,21,0.352303333,13
i21_13_4.bmp,21,0.260982222,13
i21_13_5.bmp,21,0.284237778,13
i21_14_1.bmp,21,0.656331111,14
i21_14_2.bmp,21,0.685636667,14
i21_14_3.bmp,21,0.661375556,14
i21_14_4.bmp,21,0.481481111,14
i21_14_5.bmp,21,0.405684444,14
i21_15_1.bmp,21,0.317073333,15
i21_15_2.bmp,21,0.363143333,15
i21_15_3.bmp,21,0.396825556,15
i21_15_4.bmp,21,0.417988889,15
i21_15_5.bmp,21,0.412698889,15
i21_16_1.bmp,21,0.680216667,16
i21_16_2.bmp,21,0.658914444,16
i21_16_3.bmp,21,0.634921111,16
i21_16_4.bmp,21,0.574074444,16
i21_16_5.bmp,21,0.51938,16
i21_17_1.bmp,21,0.593495556,17
i21_17_2.bmp,21,0.695766667,17
i21_17_3.bmp,21,0.484126667,17
i21_17_4.bmp,21,0.700258889,17
i21_17_5.bmp,21,0.394444444,17
i21_18_1.bmp,21,0.539682222,18
i21_18_2.bmp,21,0.479674444,18
i21_18_3.bmp,21,0.457672222,18
i21_18_4.bmp,21,0.401084444,18
i21_18_5.bmp,21,0.420634444,18
i21_19_1.bmp,21,0.597883333,19
i21_19_2.bmp,21,0.5323,19
i21_19_3.bmp,21,0.452381111,19
i21_19_4.bmp,21,0.404762222,19
i21_19_5.bmp,21,0.379844444,19
i21_20_1.bmp,21,0.663888889,20
i21_20_2.bmp,21,0.630491111,20
i21_20_3.bmp,21,0.632275556,20
i21_20_4.bmp,21,0.542635556,20
i21_20_5.bmp,21,0.426356667,20
i21_21_1.bmp,21,0.614986667,21
i21_21_2.bmp,21,0.571428889,21
i21_21_3.bmp,21,0.478835556,21
i21_21_4.bmp,21,0.402116667,21
i21_21_5.bmp,21,0.303523333,21
i21_22_1.bmp,21,0.595237778,22
i21_22_2.bmp,21,0.608465556,22
i21_22_3.bmp,21,0.49354,22
i21_22_4.bmp,21,0.374676667,22
i21_22_5.bmp,21,0.333333333,22
i21_23_1.bmp,21,0.679586667,23
i21_23_2.bmp,21,0.656084444,23
i21_23_3.bmp,21,0.630491111,23
i21_23_4.bmp,21,0.582011111,23
i21_23_5.bmp,21,0.31746,23
i21_24_1.bmp,21,0.653746667,24
i21_24_2.bmp,21,0.635658889,24
i21_24_3.bmp,21,0.555555556,24
i21_24_4.bmp,21,0.341463333,24
i21_24_5.bmp,21,0.058201111,24
I22_01_1.bmp,22,0.646198889,1
i22_01_2.bmp,22,0.581871111,1
i22_01_3.bmp,22,0.538461111,1
i22_01_4.bmp,22,0.461987778,1
i22_01_5.bmp,22,0.413105556,1
i22_02_1.bmp,22,0.622806667,2
i22_02_2.bmp,22,0.646723333,2
i22_02_3.bmp,22,0.608186667,2
i22_02_4.bmp,22,0.570175556,2
i22_02_5.bmp,22,0.508772222,2
i22_03_1.bmp,22,0.532763333,3
i22_03_2.bmp,22,0.482456667,3
i22_03_3.bmp,22,0.409356667,3
i22_03_4.bmp,22,0.34188,3
i22_03_5.bmp,22,0.3003,3
i22_04_1.bmp,22,0.641025556,4
i22_04_2.bmp,22,0.635327778,4
i22_04_3.bmp,22,0.603988889,4
i22_04_4.bmp,22,0.555555556,4
i22_04_5.bmp,22,0.478632222,4
i22_05_1.bmp,22,0.652046667,5
i22_05_2.bmp,22,0.631578889,5
i22_05_3.bmp,22,0.54131,5
i22_05_4.bmp,22,0.464912222,5
i22_05_5.bmp,22,0.353801111,5
i22_06_1.bmp,22,0.522522222,6
i22_06_2.bmp,22,0.471471111,6
i22_06_3.bmp,22,0.418128889,6
i22_06_4.bmp,22,0.396396667,6
i22_06_5.bmp,22,0.36036,6
i22_07_1.bmp,22,0.621082222,7
i22_07_2.bmp,22,0.564564444,7
i22_07_3.bmp,22,0.508772222,7
i22_07_4.bmp,22,0.432748889,7
i22_07_5.bmp,22,0.304843333,7
i22_08_1.bmp,22,0.605263333,8
i22_08_2.bmp,22,0.51462,8
i22_08_3.bmp,22,0.42042,8
i22_08_4.bmp,22,0.347578889,8
i22_08_5.bmp,22,0.282051111,8
i22_09_1.bmp,22,0.649572222,9
i22_09_2.bmp,22,0.614035556,9
i22_09_3.bmp,22,0.513513333,9
i22_09_4.bmp,22,0.37037,9
i22_09_5.bmp,22,0.22792,9
i22_10_1.bmp,22,0.648648889,10
i22_10_2.bmp,22,0.621082222,10
i22_10_3.bmp,22,0.555555556,10
i22_10_4.bmp,22,0.39886,10
i22_10_5.bmp,22,0.230994444,10
I22_11_1.BMP,22,0.595441111,11
i22_11_2.bmp,22,0.612535556,11
i22_11_3.bmp,22,0.473684444,11
i22_11_4.bmp,22,0.292397778,11
i22_11_5.bmp,22,0.096491111,11
i22_12_1.bmp,22,0.584795556,12
i22_12_2.bmp,22,0.641025556,12
i22_12_3.bmp,22,0.638176667,12
i22_12_4.bmp,22,0.48538,12
i22_12_5.bmp,22,0.307017778,12
I22_13_1.BMP,22,0.584045556,13
i22_13_2.bmp,22,0.492877778,13
i22_13_3.bmp,22,0.409356667,13
i22_13_4.bmp,22,0.319087778,13
i22_13_5.bmp,22,0.279202222,13
i22_14_1.bmp,22,0.641025556,14
i22_14_2.bmp,22,0.651234444,14
i22_14_3.bmp,22,0.640351111,14
i22_14_4.bmp,22,0.513513333,14
i22_14_5.bmp,22,0.45584,14
i22_15_1.bmp,22,0.339181111,15
i22_15_2.bmp,22,0.336257778,15
i22_15_3.bmp,22,0.357357778,15
i22_15_4.bmp,22,0.377193333,15
i22_15_5.bmp,22,0.415204444,15
i22_16_1.bmp,22,0.651651111,16
i22_16_2.bmp,22,0.60114,16
i22_16_3.bmp,22,0.672364444,16
i22_16_4.bmp,22,0.511695556,16
i22_16_5.bmp,22,0.584045556,16
i22_17_1.bmp,22,0.592592222,17
i22_17_2.bmp,22,0.666666667,17
i22_17_3.bmp,22,0.469135556,17
i22_17_4.bmp,22,0.692307778,17
i22_17_5.bmp,22,0.375375556,17
i22_18_1.bmp,22,0.57265,18
i22_18_2.bmp,22,0.520467778,18
i22_18_3.bmp,22,0.47076,18
i22_18_4.bmp,22,0.418128889,18
i22_18_5.bmp,22,0.361111111,18
i22_19_1.bmp,22,0.570175556,19
i22_19_2.bmp,22,0.570175556,19
i22_19_3.bmp,22,0.518518889,19
i22_19_4.bmp,22,0.444444444,19
i22_19_5.bmp,22,0.39886,19
i22_20_1.bmp,22,0.634503333,20
i22_20_2.bmp,22,0.637426667,20
i22_20_3.bmp,22,0.616958889,20
i22_20_4.bmp,22,0.54416,20
i22_20_5.bmp,22,0.405405556,20
i22_21_1.bmp,22,0.619883333,21
i22_21_2.bmp,22,0.55848,21
i22_21_3.bmp,22,0.517543333,21
i22_21_4.bmp,22,0.396011111,21
i22_21_5.bmp,22,0.292397778,21
i22_22_1.bmp,22,0.65812,22
i22_22_2.bmp,22,0.594594444,22
i22_22_3.bmp,22,0.54416,22
i22_22_4.bmp,22,0.494152222,22
i22_22_5.bmp,22,0.321637778,22
i22_23_1.bmp,22,0.702702222,23
i22_23_2.bmp,22,0.681286667,23
i22_23_3.bmp,22,0.578947778,23
i22_23_4.bmp,22,0.492877778,23
i22_23_5.bmp,22,0.233617778,23
i22_24_1.bmp,22,0.646723333,24
i22_24_2.bmp,22,0.602338889,24
i22_24_3.bmp,22,0.468468889,24
i22_24_4.bmp,22,0.250712222,24
i22_24_5.bmp,22,0.040935556,24
I23_01_1.bmp,23,0.631745556,1
i23_01_2.bmp,23,0.561904444,1
i23_01_3.bmp,23,0.529412222,1
i23_01_4.bmp,23,0.453967778,1
i23_01_5.bmp,23,0.415032222,1
i23_02_1.bmp,23,0.683006667,2
i23_02_2.bmp,23,0.649831111,2
i23_02_3.bmp,23,0.606348889,2
i23_02_4.bmp,23,0.55873,2
i23_02_5.bmp,23,0.480392222,2
i23_03_1.bmp,23,0.513072222,3
i23_03_2.bmp,23,0.463492222,3
i23_03_3.bmp,23,0.395424444,3
i23_03_4.bmp,23,0.362745556,3
i23_03_5.bmp,23,0.297385556,3
i23_04_1.bmp,23,0.624183333,4
i23_04_2.bmp,23,0.627451111,4
i23_04_3.bmp,23,0.591503333,4
i23_04_4.bmp,23,0.53268,4
i23_04_5.bmp,23,0.503267778,4
i23_05_1.bmp,23,0.673015556,5
i23_05_2.bmp,23,0.611111111,5
i23_05_3.bmp,23,0.565656667,5
i23_05_4.bmp,23,0.479365556,5
i23_05_5.bmp,23,0.372548889,5
i23_06_1.bmp,23,0.513072222,6
i23_06_2.bmp,23,0.48366,6
i23_06_3.bmp,23,0.447712222,6
i23_06_4.bmp,23,0.401961111,6
i23_06_5.bmp,23,0.366013333,6
i23_07_1.bmp,23,0.552287778,7
i23_07_2.bmp,23,0.427608889,7
i23_07_3.bmp,23,0.409523333,7
i23_07_4.bmp,23,0.382353333,7
i23_07_5.bmp,23,0.309764444,7
i23_08_1.bmp,23,0.660317778,8
i23_08_2.bmp,23,0.614378889,8
i23_08_3.bmp,23,0.519607778,8
i23_08_4.bmp,23,0.437908889,8
i23_08_5.bmp,23,0.307936667,8
i23_09_1.bmp,23,0.744107778,9
i23_09_2.bmp,23,0.673015556,9
i23_09_3.bmp,23,0.633986667,9
i23_09_4.bmp,23,0.473856667,9
i23_09_5.bmp,23,0.294117778,9
i23_10_1.bmp,23,0.663492222,10
i23_10_2.bmp,23,0.643791111,10
i23_10_3.bmp,23,0.558823333,10
i23_10_4.bmp,23,0.405228889,10
i23_10_5.bmp,23,0.266666667,10
I23_11_1.BMP,23,0.584126667,11
i23_11_2.bmp,23,0.507936667,11
i23_11_3.bmp,23,0.346405556,11
i23_11_4.bmp,23,0.249157778,11
i23_11_5.bmp,23,0.091503333,11
i23_12_1.bmp,23,0.6633,12
i23_12_2.bmp,23,0.638095556,12
i23_12_3.bmp,23,0.422222222,12
i23_12_4.bmp,23,0.320634444,12
i23_12_5.bmp,23,0.206348889,12
I23_13_1.BMP,23,0.504762222,13
i23_13_2.bmp,23,0.46128,13
i23_13_3.bmp,23,0.371428889,13
i23_13_4.bmp,23,0.27451,13
i23_13_5.bmp,23,0.287582222,13
i23_14_1.bmp,23,0.67619,14
i23_14_2.bmp,23,0.699346667,14
i23_14_3.bmp,23,0.562091111,14
i23_14_4.bmp,23,0.562091111,14
i23_14_5.bmp,23,0.4,14
i23_15_1.bmp,23,0.326984444,15
i23_15_2.bmp,23,0.330158889,15
i23_15_3.bmp,23,0.361904444,15
i23_15_4.bmp,23,0.379084444,15
i23_15_5.bmp,23,0.403174444,15
i23_16_1.bmp,23,0.703703333,16
i23_16_2.bmp,23,0.647618889,16
i23_16_3.bmp,23,0.647058889,16
i23_16_4.bmp,23,0.577777778,16
i23_16_5.bmp,23,0.634921111,16
i23_17_1.bmp,23,0.62963,17
i23_17_2.bmp,23,0.755555556,17
i23_17_3.bmp,23,0.536507778,17
i23_17_4.bmp,23,0.742856667,17
i23_17_5.bmp,23,0.431372222,17
i23_18_1.bmp,23,0.640523333,18
i23_18_2.bmp,23,0.627451111,18
i23_18_3.bmp,23,0.604575556,18
i23_18_4.bmp,23,0.561904444,18
i23_18_5.bmp,23,0.486927778,18
i23_19_1.bmp,23,0.634921111,19
i23_19_2.bmp,23,0.552381111,19
i23_19_3.bmp,23,0.513072222,19
i23_19_4.bmp,23,0.431745556,19
i23_19_5.bmp,23,0.380952222,19
i23_20_1.bmp,23,0.622222222,20
i23_20_2.bmp,23,0.56536,20
i23_20_3.bmp,23,0.454861111,20
i23_20_4.bmp,23,0.371428889,20
i23_20_5.bmp,23,0.295237778,20
i23_21_1.bmp,23,0.622222222,21
i23_21_2.bmp,23,0.53268,21
i23_21_3.bmp,23,0.457912222,21
i23_21_4.bmp,23,0.390476667,21
i23_21_5.bmp,23,0.267973333,21
i23_22_1.bmp,23,0.686274444,22
i23_22_2.bmp,23,0.653967778,22
i23_22_3.bmp,23,0.558823333,22
i23_22_4.bmp,23,0.51634,22
i23_22_5.bmp,23,0.444444444,22
i23_23_1.bmp,23,0.700336667,23
i23_23_2.bmp,23,0.656862222,23
i23_23_3.bmp,23,0.574603333,23
i23_23_4.bmp,23,0.417508889,23
i23_23_5.bmp,23,0.333333333,23
i23_24_1.bmp,23,0.650326667,24
i23_24_2.bmp,23,0.526143333,24
i23_24_3.bmp,23,0.408496667,24
i23_24_4.bmp,23,0.191918889,24
i23_24_5.bmp,23,0.087542222,24
I24_01_1.bmp,24,0.653967778,1
i24_01_2.bmp,24,0.561728889,1
i24_01_3.bmp,24,0.524691111,1
i24_01_4.bmp,24,0.460317778,1
i24_01_5.bmp,24,0.398147778,1
i24_02_1.bmp,24,0.716048889,2
i24_02_2.bmp,24,0.656862222,2
i24_02_3.bmp,24,0.570987778,2
i24_02_4.bmp,24,0.565078889,2
i24_02_5.bmp,24,0.503086667,2
i24_03_1.bmp,24,0.533333333,3
i24_03_2.bmp,24,0.473015556,3
i24_03_3.bmp,24,0.425396667,3
i24_03_4.bmp,24,0.365078889,3
i24_03_5.bmp,24,0.299382222,3
i24_04_1.bmp,24,0.650793333,4
i24_04_2.bmp,24,0.648147778,4
i24_04_3.bmp,24,0.614378889,4
i24_04_4.bmp,24,0.574074444,4
i24_04_5.bmp,24,0.507936667,4
i24_05_1.bmp,24,0.645062222,5
i24_05_2.bmp,24,0.592592222,5
i24_05_3.bmp,24,0.570987778,5
i24_05_4.bmp,24,0.447618889,5
i24_05_5.bmp,24,0.361111111,5
i24_06_1.bmp,24,0.51634,6
i24_06_2.bmp,24,0.485714444,6
i24_06_3.bmp,24,0.44127,6
i24_06_4.bmp,24,0.407407778,6
i24_06_5.bmp,24,0.365078889,6
i24_07_1.bmp,24,0.614197778,7
i24_07_2.bmp,24,0.507936667,7
i24_07_3.bmp,24,0.454248889,7
i24_07_4.bmp,24,0.320634444,7
i24_07_5.bmp,24,0.271604444,7
i24_08_1.bmp,24,0.660493333,8
i24_08_2.bmp,24,0.552381111,8
i24_08_3.bmp,24,0.450793333,8
i24_08_4.bmp,24,0.352941111,8
i24_08_5.bmp,24,0.29085,8
i24_09_1.bmp,24,0.666666667,9
i24_09_2.bmp,24,0.588235556,9
i24_09_3.bmp,24,0.503086667,9
i24_09_4.bmp,24,0.376543333,9
i24_09_5.bmp,24,0.222222222,9
i24_10_1.bmp,24,0.653967778,10
i24_10_2.bmp,24,0.647618889,10
i24_10_3.bmp,24,0.51746,10
i24_10_4.bmp,24,0.364197778,10
i24_10_5.bmp,24,0.205882222,10
I24_11_1.BMP,24,0.6,11
i24_11_2.bmp,24,0.521885556,11
i24_11_3.bmp,24,0.447712222,11
i24_11_4.bmp,24,0.285714444,11
i24_11_5.bmp,24,0.101852222,11
i24_12_1.bmp,24,0.631745556,12
i24_12_2.bmp,24,0.67619,12
i24_12_3.bmp,24,0.609427778,12
i24_12_4.bmp,24,0.388888889,12
i24_12_5.bmp,24,0.287036667,12
I24_13_1.BMP,24,0.45098,13
i24_13_2.bmp,24,0.415873333,13
i24_13_3.bmp,24,0.368254444,13
i24_13_4.bmp,24,0.320987778,13
i24_13_5.bmp,24,0.277777778,13
i24_14_1.bmp,24,0.666666667,14
i24_14_2.bmp,24,0.663492222,14
i24_14_3.bmp,24,0.593651111,14
i24_14_4.bmp,24,0.570987778,14
i24_14_5.bmp,24,0.515432222,14
i24_15_1.bmp,24,0.447531111,15
i24_15_2.bmp,24,0.488888889,15
i24_15_3.bmp,24,0.431745556,15
i24_15_4.bmp,24,0.407407778,15
i24_15_5.bmp,24,0.376543333,15
i24_16_1.bmp,24,0.663492222,16
i24_16_2.bmp,24,0.679012222,16
i24_16_3.bmp,24,0.606348889,16
i24_16_4.bmp,24,0.623456667,16
i24_16_5.bmp,24,0.542856667,16
i24_17_1.bmp,24,0.638888889,17
i24_17_2.bmp,24,0.719135556,17
i24_17_3.bmp,24,0.533951111,17
i24_17_4.bmp,24,0.746913333,17
i24_17_5.bmp,24,0.4,17
i24_18_1.bmp,24,0.533333333,18
i24_18_2.bmp,24,0.488215556,18
i24_18_3.bmp,24,0.43464,18
i24_18_4.bmp,24,0.457143333,18
i24_18_5.bmp,24,0.421568889,18
i24_19_1.bmp,24,0.619047778,19
i24_19_2.bmp,24,0.575163333,19
i24_19_3.bmp,24,0.530864444,19
i24_19_4.bmp,24,0.454248889,19
i24_19_5.bmp,24,0.428571111,19
i24_20_1.bmp,24,0.68254,20
i24_20_2.bmp,24,0.623456667,20
i24_20_3.bmp,24,0.574603333,20
i24_20_4.bmp,24,0.447618889,20
i24_20_5.bmp,24,0.390476667,20
i24_21_1.bmp,24,0.641975556,21
i24_21_2.bmp,24,0.536507778,21
i24_21_3.bmp,24,0.460317778,21
i24_21_4.bmp,24,0.373456667,21
i24_21_5.bmp,24,0.298412222,21
i24_22_1.bmp,24,0.64127,22
i24_22_2.bmp,24,0.558823333,22
i24_22_3.bmp,24,0.513072222,22
i24_22_4.bmp,24,0.37037,22
i24_22_5.bmp,24,0.304762222,22
i24_23_1.bmp,24,0.644444444,23
i24_23_2.bmp,24,0.669753333,23
i24_23_3.bmp,24,0.631745556,23
i24_23_4.bmp,24,0.56536,23
i24_23_5.bmp,24,0.254902222,23
i24_24_1.bmp,24,0.633986667,24
i24_24_2.bmp,24,0.593651111,24
i24_24_3.bmp,24,0.48254,24
i24_24_4.bmp,24,0.304762222,24
i24_24_5.bmp,24,0.046296667,24
I25_01_1.bmp,25,0.571428889,1
i25_01_2.bmp,25,0.519607778,1
i25_01_3.bmp,25,0.488888889,1
i25_01_4.bmp,25,0.431745556,1
i25_01_5.bmp,25,0.382715556,1
i25_02_1.bmp,25,0.615873333,2
i25_02_2.bmp,25,0.58642,2
i25_02_3.bmp,25,0.583333333,2
i25_02_4.bmp,25,0.495237778,2
i25_02_5.bmp,25,0.419047778,2
i25_03_1.bmp,25,0.444444444,3
i25_03_2.bmp,25,0.398147778,3
i25_03_3.bmp,25,0.361111111,3
i25_03_4.bmp,25,0.32381,3
i25_03_5.bmp,25,0.268518889,3
i25_04_1.bmp,25,0.710437778,4
i25_04_2.bmp,25,0.685185556,4
i25_04_3.bmp,25,0.654321111,4
i25_04_4.bmp,25,0.611111111,4
i25_04_5.bmp,25,0.581698889,4
i25_05_1.bmp,25,0.592592222,5
i25_05_2.bmp,25,0.584126667,5
i25_05_3.bmp,25,0.512345556,5
i25_05_4.bmp,25,0.428571111,5
i25_05_5.bmp,25,0.305555556,5
i25_06_1.bmp,25,0.488888889,6
i25_06_2.bmp,25,0.47619,6
i25_06_3.bmp,25,0.411764444,6
i25_06_4.bmp,25,0.385802222,6
i25_06_5.bmp,25,0.33642,6
i25_07_1.bmp,25,0.388888889,7
i25_07_2.bmp,25,0.349206667,7
i25_07_3.bmp,25,0.3367,7
i25_07_4.bmp,25,0.301587778,7
i25_07_5.bmp,25,0.304762222,7
i25_08_1.bmp,25,0.614378889,8
i25_08_2.bmp,25,0.561728889,8
i25_08_3.bmp,25,0.477124444,8
i25_08_4.bmp,25,0.352941111,8
i25_08_5.bmp,25,0.216048889,8
i25_09_1.bmp,25,0.648147778,9
i25_09_2.bmp,25,0.577777778,9
i25_09_3.bmp,25,0.469841111,9
i25_09_4.bmp,25,0.346405556,9
i25_09_5.bmp,25,0.148147778,9
i25_10_1.bmp,25,0.650793333,10
i25_10_2.bmp,25,0.619047778,10
i25_10_3.bmp,25,0.473015556,10
i25_10_4.bmp,25,0.238562222,10
i25_10_5.bmp,25,0.16358,10
I25_11_1.BMP,25,0.67619,11
i25_11_2.bmp,25,0.651234444,11
i25_11_3.bmp,25,0.595678889,11
i25_11_4.bmp,25,0.552468889,11
i25_11_5.bmp,25,0.511111111,11
i25_12_1.bmp,25,0.669753333,12
i25_12_2.bmp,25,0.644444444,12
i25_12_3.bmp,25,0.537036667,12
i25_12_4.bmp,25,0.558922222,12
i25_12_5.bmp,25,0.518518889,12
I25_13_1.BMP,25,0.536507778,13
i25_13_2.bmp,25,0.634921111,13
i25_13_3.bmp,25,0.409523333,13
i25_13_4.bmp,25,0.507936667,13
i25_13_5.bmp,25,0.336507778,13
i25_14_1.bmp,25,0.634921111,14
i25_14_2.bmp,25,0.571428889,14
i25_14_3.bmp,25,0.56536,14
i25_14_4.bmp,25,0.425396667,14
i25_14_5.bmp,25,0.345678889,14
i25_15_1.bmp,25,0.364197778,15
i25_15_2.bmp,25,0.326598889,15
i25_15_3.bmp,25,0.391975556,15
i25_15_4.bmp,25,0.441176667,15
i25_15_5.bmp,25,0.460317778,15
i25_16_1.bmp,25,0.657407778,16
i25_16_2.bmp,25,0.712963333,16
i25_16_3.bmp,25,0.64127,16
i25_16_4.bmp,25,0.617284444,16
i25_16_5.bmp,25,0.496732222,16
i25_17_1.bmp,25,0.623456667,17
i25_17_2.bmp,25,0.761904444,17
i25_17_3.bmp,25,0.498412222,17
i25_17_4.bmp,25,0.709876667,17
i25_17_5.bmp,25,0.365078889,17
i25_18_1.bmp,25,0.623456667,18
i25_18_2.bmp,25,0.562091111,18
i25_18_3.bmp,25,0.493826667,18
i25_18_4.bmp,25,0.444444444,18
i25_18_5.bmp,25,0.297385556,18
i25_19_1.bmp,25,0.574074444,19
i25_19_2.bmp,25,0.47619,19
i25_19_3.bmp,25,0.425925556,19
i25_19_4.bmp,25,0.421568889,19
i25_19_5.bmp,25,0.371428889,19
i25_20_1.bmp,25,0.630718889,20
i25_20_2.bmp,25,0.615873333,20
i25_20_3.bmp,25,0.555555556,20
i25_20_4.bmp,25,0.552468889,20
i25_20_5.bmp,25,0.450793333,20
i25_21_1.bmp,25,0.574603333,21
i25_21_2.bmp,25,0.495237778,21
i25_21_3.bmp,25,0.542856667,21
i25_21_4.bmp,25,0.380952222,21
i25_21_5.bmp,25,0.32381,21
i25_22_1.bmp,25,0.533951111,22
i25_22_2.bmp,25,0.472222222,22
i25_22_3.bmp,25,0.421568889,22
i25_22_4.bmp,25,0.377777778,22
i25_22_5.bmp,25,0.310457778,22
i25_23_1.bmp,25,0.700617778,23
i25_23_2.bmp,25,0.697531111,23
i25_23_3.bmp,25,0.685714444,23
i25_23_4.bmp,25,0.68254,23
i25_23_5.bmp,25,0.663492222,23
i25_24_1.bmp,25,0.628571111,24
i25_24_2.bmp,25,0.604937778,24
i25_24_3.bmp,25,0.514285556,24
i25_24_4.bmp,25,0.447531111,24
i25_24_5.bmp,25,0.307936667,24
